筛选日期,排名,股票代码,股票名称,成交额,热度得分,动量得分,综合得分,趋势斜率,R平方值,趋势强度,价格趋势
2025/1/2,1,002460.SZ,赣锋锂业,6265262200,125520,26.12167618,0.167387314,0.286221739,0.912637742,moderate,upward
2025/1/2,2,000158.SZ,常山北明,6650930300,161319,25.21487574,0.205719852,0.266756522,0.945239336,moderate,upward
2025/1/2,3,300274.SZ,阳光电源,18269279000,125120,18.63995753,0.552409395,0.293482609,0.635129884,moderate,upward
2025/1/2,4,601012.SH,隆基绿能,6805387300,57890.5,11.37662789,0.135695339,0.120595652,0.943369656,weak,upward
2025/1/2,5,603799.SH,华友钴业,6580808200,116184.5,11.11792518,0.170747957,0.14383913,0.772941629,weak,upward
2025/1/2,6,002759.SZ,天际股份,3842732500,139395,8.162271841,0.099686448,0.097826087,0.834365566,very_weak,sideways
2025/1/2,7,600111.SH,北方稀土,9380893000,110968.5,6.759144315,0.25684531,0.085047826,0.794746277,very_weak,sideways
2025/1/2,8,600745.SH,闻泰科技,6417753200,157972,3.935405632,0.195808726,0.121469565,0.323982853,weak,upward
2025/1/2,9,000969.SZ,安泰科技,5138780300,137411,2.561379493,0.139849424,0.043117391,0.594047881,very_weak,sideways
2025/1/2,10,600089.SH,特变电工,5332485200,71307,1.804323745,0.098143787,0.031095652,0.580249526,very_weak,sideways
2025/1/3,1,002460.SZ,赣锋锂业,6265262200,125520,27.59773912,0.167387314,0.299691304,0.920872201,moderate,upward
2025/1/3,2,000158.SZ,常山北明,6650930300,161319,25.8331205,0.205719852,0.273304348,0.945214399,moderate,upward
2025/1/3,3,300274.SZ,阳光电源,18269279000,125120,21.79132232,0.552409395,0.325226087,0.670036113,moderate,upward
2025/1/3,4,603799.SH,华友钴业,6580808200,116184.5,13.82079008,0.170747957,0.165265217,0.836279424,weak,upward
2025/1/3,5,601012.SH,隆基绿能,6805387300,57890.5,11.93304942,0.135695339,0.125578261,0.950248023,weak,upward
2025/1/3,6,002759.SZ,天际股份,3842732500,139395,9.040038065,0.099686448,0.104886957,0.861883914,weak,upward
2025/1/3,7,600111.SH,北方稀土,9380893000,110968.5,9.022776186,0.25684531,0.103230435,0.874042254,weak,upward
2025/1/3,8,300059.SZ,东方财富,7789936000,70122.5,4.650348409,0.176165779,0.095252174,0.488214412,very_weak,sideways
2025/1/3,9,000969.SZ,安泰科技,5138780300,137411,3.694991934,0.139849424,0.052578261,0.702760394,very_weak,sideways
2025/1/3,10,600089.SH,特变电工,5332485200,71307,1.760692375,0.098143787,0.030482609,0.577605543,very_weak,sideways
2025/1/6,1,002460.SZ,赣锋锂业,6265262200,125520,28.00597898,0.167387314,0.305821739,0.91576155,moderate,upward
2025/1/6,2,000158.SZ,常山北明,6650930300,161319,27.79309718,0.205719852,0.297678261,0.933662307,moderate,upward
2025/1/6,3,300274.SZ,阳光电源,18269279000,125120,24.42384894,0.552409395,0.360021739,0.678399282,moderate,upward
2025/1/6,4,603799.SH,华友钴业,6580808200,116184.5,15.60175617,0.170747957,0.183673913,0.849426895,weak,upward
2025/1/6,5,601012.SH,隆基绿能,6805387300,57890.5,12.27484658,0.135695339,0.129891304,0.945009109,weak,upward
2025/1/6,6,600111.SH,北方稀土,9380893000,110968.5,10.71309387,0.25684531,0.11776087,0.909732911,weak,upward
2025/1/6,7,002759.SZ,天际股份,3842732500,139395,9.32994778,0.099686448,0.10913913,0.854867337,weak,upward
2025/1/6,8,300059.SZ,东方财富,7789936000,70122.5,6.707649476,0.176165779,0.126104348,0.531912626,weak,upward
2025/1/6,9,000969.SZ,安泰科技,5138780300,137411,4.209453974,0.139849424,0.05876087,0.716370266,very_weak,sideways
2025/1/6,10,002050.SZ,三花智控,10307481500,434582,3.288879488,0.52119697,0.079182609,0.415353768,very_weak,sideways
2025/1/7,1,000158.SZ,常山北明,6650930300,161319,28.90199945,0.205719852,0.313347826,0.922361575,moderate,upward
2025/1/7,2,002460.SZ,赣锋锂业,6265262200,125520,27.17684116,0.167387314,0.295908696,0.918419822,moderate,upward
2025/1/7,3,300274.SZ,阳光电源,18269279000,125120,24.47727837,0.552409395,0.360582609,0.678825816,moderate,upward
2025/1/7,4,603799.SH,华友钴业,6580808200,116184.5,16.05165839,0.170747957,0.187873913,0.854384631,weak,upward
2025/1/7,5,601012.SH,隆基绿能,6805387300,57890.5,12.30688486,0.135695339,0.130221739,0.945071456,weak,upward
2025/1/7,6,600111.SH,北方稀土,9380893000,110968.5,10.96549836,0.25684531,0.119765217,0.915582888,weak,upward
2025/1/7,7,002759.SZ,天际股份,3842732500,139395,9.352401088,0.099686448,0.109547826,0.853727675,weak,upward
2025/1/7,8,300059.SZ,东方财富,7789936000,70122.5,8.849278603,0.176165779,0.154156522,0.574045036,weak,upward
2025/1/7,9,002050.SZ,三花智控,10307481500,434582,4.72700282,0.52119697,0.095430435,0.495334935,very_weak,sideways
2025/1/7,10,000969.SZ,安泰科技,5138780300,137411,4.401628167,0.139849424,0.061008696,0.721475541,very_weak,sideways
2025/1/8,1,000158.SZ,常山北明,6650930300,160612,30.04394847,0.207634544,0.324395652,0.926151392,moderate,upward
2025/1/8,2,002460.SZ,赣锋锂业,6265262200,124099.5,25.05250483,0.167904133,0.277021739,0.904351583,moderate,upward
2025/1/8,3,300274.SZ,阳光电源,18269279000,124714,22.74460084,0.553676515,0.338386957,0.672147682,moderate,upward
2025/1/8,4,603799.SH,华友钴业,6580808200,115081.5,16.40177031,0.171277457,0.190508696,0.860946019,weak,upward
2025/1/8,5,601012.SH,隆基绿能,6805387300,58241.5,11.9484154,0.135908076,0.126473913,0.944733591,weak,upward
2025/1/8,6,300059.SZ,东方财富,7789936000,68645.5,10.875223,0.175304198,0.174317391,0.623874814,weak,upward
2025/1/8,7,600111.SH,北方稀土,9380893000,110831,9.752271834,0.257972254,0.111873913,0.871719918,weak,upward
2025/1/8,8,002759.SZ,天际股份,3842732500,140360.5,9.559878971,0.102325224,0.111556522,0.85695384,weak,upward
2025/1/8,9,002402.SZ,和而泰,4565948500,93981,7.765940837,0.090797201,0.1591,0.48811696,weak,upward
2025/1/8,10,002050.SZ,三花智控,10307481500,426411,6.317303313,0.524111038,0.10826087,0.583526009,weak,upward
2025/1/9,1,000158.SZ,常山北明,6650930300,160612,31.06666583,0.207634544,0.3324,0.934616902,moderate,upward
2025/1/9,2,002460.SZ,赣锋锂业,6265262200,124099.5,24.72338812,0.167904133,0.274291304,0.901355155,moderate,upward
2025/1/9,3,300274.SZ,阳光电源,18269279000,124714,21.69594526,0.553676515,0.329717391,0.658016405,moderate,upward
2025/1/9,4,603799.SH,华友钴业,6580808200,115081.5,17.36743397,0.171277457,0.197295652,0.880274541,weak,upward
2025/1/9,5,300059.SZ,东方财富,7789936000,68645.5,13.7634245,0.175304198,0.199869565,0.688620325,weak,upward
2025/1/9,6,601012.SH,隆基绿能,6805387300,58241.5,12.05520822,0.135908076,0.127386957,0.946345572,weak,upward
2025/1/9,7,002759.SZ,天际股份,3842732500,140360.5,10.4183404,0.102325224,0.1182,0.881416278,weak,upward
2025/1/9,8,002402.SZ,和而泰,4565948500,93981,9.706598681,0.090797201,0.177421739,0.547091846,weak,upward
2025/1/9,9,600111.SH,北方稀土,9380893000,110831,9.059175404,0.257972254,0.106008696,0.854569085,weak,upward
2025/1/9,10,002050.SZ,三花智控,10307481500,426411,6.562801934,0.524111038,0.110243478,0.595300696,weak,upward
2025/1/10,1,000158.SZ,常山北明,6650930300,160612,31.28884258,0.207634544,0.334026087,0.936718532,moderate,upward
2025/1/10,2,002460.SZ,赣锋锂业,6265262200,124099.5,23.82910274,0.167904133,0.267247826,0.891648141,moderate,upward
2025/1/10,3,300274.SZ,阳光电源,18269279000,124714,21.41599605,0.553676515,0.327534783,0.6538541,moderate,upward
2025/1/10,4,603799.SH,华友钴业,6580808200,115081.5,17.88149069,0.171277457,0.200743478,0.890763219,moderate,upward
2025/1/10,5,300059.SZ,东方财富,7789936000,68645.5,15.61141527,0.175304198,0.216343478,0.72160323,moderate,upward
2025/1/10,6,601012.SH,隆基绿能,6805387300,58241.5,11.99296257,0.135908076,0.126821739,0.945655111,weak,upward
2025/1/10,7,002759.SZ,天际股份,3842732500,140360.5,10.84001371,0.102325224,0.12146087,0.892469628,weak,upward
2025/1/10,8,002402.SZ,和而泰,4565948500,93981,10.44432377,0.090797201,0.183730435,0.5684591,weak,upward
2025/1/10,9,002594.SZ,比亚迪,6576614900,66912,9.4742055,0.135059755,0.407678261,0.23239418,very_weak,upward
2025/1/10,10,600111.SH,北方稀土,9380893000,110831,8.409001616,0.257972254,0.101469565,0.828721558,weak,upward
2025/1/13,1,000158.SZ,常山北明,6650930300,160612,32.11087836,0.207634544,0.340391304,0.9433519,moderate,upward
2025/1/13,2,002460.SZ,赣锋锂业,6265262200,124099.5,23.23967592,0.167904133,0.260547826,0.891954321,moderate,upward
2025/1/13,3,300274.SZ,阳光电源,18269279000,124714,20.29390951,0.553676515,0.315134783,0.64397555,moderate,upward
2025/1/13,4,002594.SZ,比亚迪,6576614900,66912,17.84712331,0.135059755,0.537321739,0.33214966,weak,upward
2025/1/13,5,603799.SH,华友钴业,6580808200,115081.5,17.49826597,0.171277457,0.197243478,0.887140408,weak,upward
2025/1/13,6,300059.SZ,东方财富,7789936000,68645.5,17.05159244,0.175304198,0.230665217,0.739235531,moderate,upward
2025/1/13,7,002402.SZ,和而泰,4565948500,93981,13.04182504,0.090797201,0.202808696,0.643060446,moderate,upward
2025/1/13,8,601012.SH,隆基绿能,6805387300,58241.5,12.25724294,0.135908076,0.12986087,0.943875009,weak,upward
2025/1/13,9,002759.SZ,天际股份,3842732500,140360.5,10.56263726,0.102325224,0.1168,0.904335382,weak,upward
2025/1/13,10,600111.SH,北方稀土,9380893000,110831,7.502548768,0.257972254,0.094482609,0.794066641,very_weak,sideways
2025/1/14,1,000158.SZ,常山北明,6650930300,160612,32.46838254,0.207634544,0.342891304,0.946900144,moderate,upward
2025/1/14,2,002594.SZ,比亚迪,6576614900,66912,27.55005683,0.135059755,0.652482609,0.422234347,weak,upward
2025/1/14,3,002460.SZ,赣锋锂业,6265262200,124099.5,21.05435687,0.167904133,0.243891304,0.863268042,moderate,upward
2025/1/14,4,300274.SZ,阳光电源,18269279000,124714,19.71855146,0.553676515,0.310108696,0.635859353,moderate,upward
2025/1/14,5,300059.SZ,东方财富,7789936000,68645.5,18.2232623,0.175304198,0.240665217,0.757203824,moderate,upward
2025/1/14,6,603799.SH,华友钴业,6580808200,115081.5,15.90543147,0.171277457,0.185178261,0.858925416,weak,upward
2025/1/14,7,002402.SZ,和而泰,4565948500,93981,15.53801868,0.090797201,0.220243478,0.705492794,moderate,upward
2025/1/14,8,601012.SH,隆基绿能,6805387300,58241.5,12.34499997,0.135908076,0.130643478,0.944938097,weak,upward
2025/1/14,9,002759.SZ,天际股份,3842732500,140360.5,10.42889475,0.102325224,0.115591304,0.902221392,weak,upward
2025/1/14,10,600745.SH,闻泰科技,6417753200,157550,8.827539917,0.197856185,0.190395652,0.463641886,weak,upward
2025/1/15,1,000158.SZ,常山北明,6650930300,160612,28.39310827,0.207634544,0.3193,0.889229824,moderate,upward
2025/1/15,2,002594.SZ,比亚迪,6576614900,66912,25.05358763,0.135059755,0.629652174,0.397895674,weak,upward
2025/1/15,3,002460.SZ,赣锋锂业,6265262200,124099.5,17.7949321,0.167904133,0.222426087,0.800037997,moderate,upward
2025/1/15,4,300059.SZ,东方财富,7789936000,68645.5,15.82734817,0.175304198,0.223552174,0.707993481,moderate,upward
2025/1/15,5,300274.SZ,阳光电源,18269279000,124714,15.67670456,0.553676515,0.279634783,0.560613541,moderate,upward
2025/1/15,6,002402.SZ,和而泰,4565948500,93981,15.59998802,0.090797201,0.220604348,0.707147804,moderate,upward
2025/1/15,7,603799.SH,华友钴业,6580808200,115081.5,11.8116805,0.171277457,0.15873913,0.744093814,weak,upward
2025/1/15,8,601012.SH,隆基绿能,6805387300,58241.5,11.45243123,0.135908076,0.124126087,0.92264499,weak,upward
2025/1/15,9,300308.SZ,中际旭创,17358865000,84137,10.58227583,0.494057838,0.47293913,0.223755556,very_weak,upward
2025/1/15,10,002759.SZ,天际股份,3842732500,140360.5,9.883789358,0.102325224,0.111726087,0.884644726,weak,upward
2025/1/16,1,300502.SZ,新易盛,9784350900,53081,79.20212455,0.227672497,0.973473913,0.813602948,strong,upward
2025/1/16,2,002594.SZ,比亚迪,6576614900,66513.5,25.8264566,0.134980437,0.636834783,0.405544064,weak,upward
2025/1/16,3,000158.SZ,常山北明,6650930300,160825,23.75563259,0.20948533,0.290365217,0.818129417,moderate,upward
2025/1/16,4,300308.SZ,中际旭创,17358865000,84539,21.50425969,0.49485951,0.636352174,0.337930168,weak,upward
2025/1/16,5,002402.SZ,和而泰,4565948500,93698,17.40995953,0.091228706,0.230282609,0.756025808,moderate,upward
2025/1/16,6,002460.SZ,赣锋锂业,6265262200,123359,14.70347167,0.168455887,0.200021739,0.735093682,moderate,upward
2025/1/16,7,300059.SZ,东方财富,7789936000,67524,14.35087834,0.174699063,0.212043478,0.676789423,moderate,upward
2025/1/16,8,300274.SZ,阳光电源,18269279000,125046,12.18627536,0.555057994,0.247521739,0.492331518,weak,upward
2025/1/16,9,601012.SH,隆基绿能,6805387300,58371,10.00890132,0.136097186,0.113165217,0.884450324,weak,upward
2025/1/16,10,002759.SZ,天际股份,3842732500,140393.5,9.395921129,0.103722274,0.108169565,0.868628908,weak,upward
2025/1/17,1,300502.SZ,新易盛,9784350900,53081,68.01716868,0.227672497,0.90893913,0.748313791,strong,upward
2025/1/17,2,002594.SZ,比亚迪,6576614900,66513.5,24.8132248,0.134980437,0.6264,0.396124278,weak,upward
2025/1/17,3,300308.SZ,中际旭创,17358865000,84539,22.05856524,0.49485951,0.642795652,0.343166062,weak,upward
2025/1/17,4,000158.SZ,常山北明,6650930300,160825,19.19689403,0.20948533,0.257056522,0.746796615,moderate,upward
2025/1/17,5,002402.SZ,和而泰,4565948500,93698,17.87783293,0.091228706,0.232895652,0.767632747,moderate,upward
2025/1/17,6,300059.SZ,东方财富,7789936000,67524,12.15815643,0.174699063,0.193243478,0.629162574,weak,upward
2025/1/17,7,002460.SZ,赣锋锂业,6265262200,123359,10.80681828,0.168455887,0.163786957,0.659809457,weak,upward
2025/1/17,8,002759.SZ,天际股份,3842732500,140393.5,8.356236827,0.103722274,0.099534783,0.839529319,very_weak,sideways
2025/1/17,9,600745.SH,闻泰科技,6417753200,157634,8.264024374,0.199560533,0.184808696,0.447166425,weak,upward
2025/1/17,10,601012.SH,隆基绿能,6805387300,58371,8.173159544,0.136097186,0.097713043,0.83644509,very_weak,sideways
2025/1/20,1,300502.SZ,新易盛,9784350900,53081,55.78956265,0.227672497,0.835021739,0.66812108,moderate,upward
2025/1/20,2,300308.SZ,中际旭创,17358865000,84539,27.30480579,0.49485951,0.699221739,0.390502816,weak,upward
2025/1/20,3,002594.SZ,比亚迪,6576614900,66513.5,27.22066658,0.134980437,0.646004348,0.421369712,weak,upward
2025/1/20,4,000158.SZ,常山北明,6650930300,160825,15.66462954,0.20948533,0.2311,0.677829058,moderate,upward
2025/1/20,5,002402.SZ,和而泰,4565948500,93698,14.77635473,0.091228706,0.210017391,0.703577672,moderate,upward
2025/1/20,6,300059.SZ,东方财富,7789936000,67524,11.22124499,0.174699063,0.186317391,0.602265034,weak,upward
2025/1/20,7,600745.SH,闻泰科技,6417753200,157634,7.697406603,0.199560533,0.179504348,0.428814494,weak,upward
2025/1/20,8,002759.SZ,天际股份,3842732500,140393.5,7.45442317,0.103722274,0.092813043,0.80316547,very_weak,sideways
2025/1/20,9,601012.SH,隆基绿能,6805387300,58371,7.244510876,0.136097186,0.090852174,0.797395435,very_weak,sideways
2025/1/20,10,002460.SZ,赣锋锂业,6265262200,123359,7.076217352,0.168455887,0.134004348,0.528058788,weak,upward
2025/1/21,1,300308.SZ,中际旭创,17358865000,84539,35.96986434,0.49485951,0.770917391,0.466585198,weak,upward
2025/1/21,2,300502.SZ,新易盛,9784350900,53081,26.84184949,0.227672497,0.638417391,0.420443582,weak,upward
2025/1/21,3,002594.SZ,比亚迪,6576614900,66513.5,21.56981309,0.134980437,0.604343478,0.356913144,weak,upward
2025/1/21,4,002402.SZ,和而泰,4565948500,93698,12.7073824,0.091228706,0.196056522,0.648148926,weak,upward
2025/1/21,5,000158.SZ,常山北明,6650930300,160825,11.77735083,0.20948533,0.194730435,0.60480278,weak,upward
2025/1/21,6,300059.SZ,东方财富,7789936000,67524,10.78782994,0.174699063,0.183282609,0.588589938,weak,upward
2025/1/21,7,002241.SZ,歌尔股份,3458498100,188847,7.578228087,0.128441009,0.133782609,0.566458388,weak,upward
2025/1/21,8,600745.SH,闻泰科技,6417753200,157634,7.303403099,0.199560533,0.176134783,0.414648543,weak,upward
2025/1/21,9,601012.SH,隆基绿能,6805387300,58371,6.366588237,0.136097186,0.084313043,0.755113085,very_weak,sideways
2025/1/21,10,002759.SZ,天际股份,3842732500,140393.5,6.009223043,0.103722274,0.083773913,0.717314355,very_weak,sideways
2025/1/22,1,300308.SZ,中际旭创,17358865000,84296,39.81294653,0.495533905,0.800773913,0.497180863,weak,upward
2025/1/22,2,002594.SZ,比亚迪,6576614900,66820.5,9.758519029,0.135835313,0.4694,0.20789346,very_weak,upward
2025/1/22,3,000158.SZ,常山北明,6650930300,160999,9.750849187,0.211532447,0.178152174,0.547332596,weak,upward
2025/1/22,4,300059.SZ,东方财富,7789936000,66472,9.422521291,0.174509931,0.173486957,0.543125632,weak,upward
2025/1/22,5,002402.SZ,和而泰,4565948500,93605.5,9.236143348,0.092146093,0.170495652,0.541723101,weak,upward
2025/1/22,6,600745.SH,闻泰科技,6417753200,158056,6.662668483,0.201756859,0.170386957,0.391031604,weak,upward
2025/1/22,7,601012.SH,隆基绿能,6805387300,58576,6.048528694,0.136760789,0.081634783,0.740925437,very_weak,sideways
2025/1/22,8,002241.SZ,歌尔股份,3458498100,198296,5.21970273,0.1380931,0.119982609,0.435038277,weak,upward
2025/1/22,9,300502.SZ,新易盛,9784350900,52728.5,5.11132158,0.227829443,0.365852174,0.139710023,very_weak,upward
2025/1/22,10,601138.SH,工业富联,8413468100,84952.5,4.985615128,0.208910278,0.101352174,0.491910034,weak,upward
2025/1/23,1,300308.SZ,中际旭创,17358865000,84296,28.81849853,0.495533905,0.728465217,0.39560569,weak,upward
2025/1/23,2,300059.SZ,东方财富,7789936000,66472,8.27037503,0.174509931,0.164486957,0.502798228,weak,upward
2025/1/23,3,000158.SZ,常山北明,6650930300,160999,7.885726726,0.211532447,0.159143478,0.495510517,weak,upward
2025/1/23,4,600745.SH,闻泰科技,6417753200,158056,6.409531582,0.201756859,0.167843478,0.381875522,weak,upward
2025/1/23,5,002402.SZ,和而泰,4565948500,93605.5,6.043977338,0.092146093,0.1342,0.45037089,weak,upward
2025/1/23,6,601012.SH,隆基绿能,6805387300,58576,5.846992497,0.136760789,0.079765217,0.733025332,very_weak,sideways
2025/1/23,7,002594.SZ,比亚迪,6576614900,66820.5,4.222114592,0.135835313,0.352673913,0.119717236,very_weak,upward
2025/1/23,8,002759.SZ,天际股份,3842732500,140202.5,4.169551603,0.105204549,0.071413043,0.583864151,very_weak,sideways
2025/1/23,9,002460.SZ,赣锋锂业,6265262200,121801.5,3.549355281,0.16864039,0.100126087,0.354488564,weak,upward
2025/1/23,10,002241.SZ,歌尔股份,3458498100,198296,2.857923638,0.1380931,0.099473913,0.287303832,very_weak,sideways
2025/1/24,1,300308.SZ,中际旭创,17358865000,84296,22.04901799,0.495533905,0.666869565,0.330634642,weak,upward
2025/1/24,2,300059.SZ,东方财富,7789936000,66472,6.871024751,0.174509931,0.152591304,0.450289404,weak,upward
2025/1/24,3,000158.SZ,常山北明,6650930300,160999,6.492801397,0.211532447,0.142573913,0.455398976,weak,upward
2025/1/24,4,601012.SH,隆基绿能,6805387300,58576,5.573445646,0.136760789,0.077047826,0.723374809,very_weak,sideways
2025/1/24,5,600745.SH,闻泰科技,6417753200,158056,5.365413426,0.201756859,0.156230435,0.343429463,weak,upward
2025/1/24,6,688256.SH,寒武纪,10607162100,694808,5.182732009,0.754056816,1.195456522,0.04335358,very_weak,upward
2025/1/24,7,002759.SZ,天际股份,3842732500,140202.5,4.224585669,0.105204549,0.071891304,0.58763514,very_weak,sideways
2025/1/24,8,002402.SZ,和而泰,4565948500,93605.5,3.762463849,0.092146093,0.104234783,0.360960493,weak,upward
2025/1/24,9,002460.SZ,赣锋锂业,6265262200,121801.5,3.597236047,0.16864039,0.100747826,0.357053466,weak,upward
2025/1/24,10,600089.SH,特变电工,5332485200,72405,2.282714178,0.100247661,0.03583913,0.636933472,very_weak,sideways
2025/1/27,1,300308.SZ,中际旭创,17358865000,84296,16.00230639,0.495533905,0.60023913,0.266598853,very_weak,upward
2025/1/27,2,688256.SH,寒武纪,10607162100,694808,10.48273402,0.754056816,1.538904348,0.068118165,very_weak,upward
2025/1/27,3,300059.SZ,东方财富,7789936000,66472,4.806634843,0.174509931,0.132426087,0.362967369,weak,upward
2025/1/27,4,601012.SH,隆基绿能,6805387300,58576,4.79815573,0.136760789,0.071256522,0.67336373,very_weak,sideways
2025/1/27,5,000158.SZ,常山北明,6650930300,160999,4.61136453,0.211532447,0.118217391,0.390074969,weak,upward
2025/1/27,6,002759.SZ,天际股份,3842732500,140202.5,3.704071049,0.105204549,0.067030435,0.552595409,very_weak,sideways
2025/1/27,7,002460.SZ,赣锋锂业,6265262200,121801.5,2.985343399,0.16864039,0.091626087,0.325818061,very_weak,sideways
2025/1/27,8,600745.SH,闻泰科技,6417753200,158056,2.738754008,0.201756859,0.122565217,0.223452792,very_weak,upward
2025/1/27,9,600089.SH,特变电工,5332485200,72405,2.283311226,0.100247661,0.035843478,0.637022783,very_weak,sideways
2025/1/27,10,002402.SZ,和而泰,4565948500,93605.5,1.472799152,0.092146093,0.067595652,0.217883711,very_weak,sideways
2025/2/5,1,688256.SH,寒武纪,10607162100,475501,162.9627819,0.754056816,5.385087719,0.302618621,weak,upward
2025/2/5,2,600089.SH,特变电工,5332485200,69414,0.610393391,0.102879135,0.016862745,0.361977476,very_weak,sideways
2025/2/5,3,601288.SH,农业银行,4575465300,91258.5,0.463862775,0.10450082,0.010433437,0.444592512,very_weak,sideways
2025/2/5,4,601012.SH,隆基绿能,6805387300,66505,0.318578304,0.146705367,0.021042312,0.15139891,very_weak,sideways
2025/2/5,5,000981.SZ,山子高科,5838780500,218956.5,0.291734507,0.296579523,0.012094943,0.241203701,very_weak,sideways
2025/2/5,6,002759.SZ,天际股份,3842732500,135741.5,0.008683142,0.133765217,0.00619195,0.014023274,very_weak,sideways
2025/2/5,7,600010.SH,包钢股份,6212598200,63568.5,0.00785273,0.124193182,0.001083591,0.072469484,very_weak,sideways
2025/2/5,8,300308.SZ,中际旭创,17358865000,80292.5,-2.56E-05,0.50181759,-0.007141383,3.59E-05,very_weak,sideways
2025/2/5,9,002460.SZ,赣锋锂业,6265262200,113556.5,-0.001624049,0.185200014,-0.007069143,0.002297377,very_weak,sideways
2025/2/5,10,000158.SZ,常山北明,6650930300,158521,-0.006798336,0.250934862,-0.011465428,0.005929422,very_weak,sideways
2025/2/6,1,688256.SH,寒武纪,10607162100,475501,215.0569332,0.754056816,5.822631579,0.369346627,weak,upward
2025/2/6,2,300308.SZ,中际旭创,17358865000,80292.5,2.053017472,0.50181759,0.347385965,0.059099033,very_weak,upward
2025/2/6,3,600089.SH,特变电工,5332485200,69414,0.641843699,0.102879135,0.016491228,0.389203094,very_weak,sideways
2025/2/6,4,601288.SH,农业银行,4575465300,91258.5,0.417554685,0.10450082,0.009596491,0.435111829,very_weak,sideways
2025/2/6,5,000981.SZ,山子高科,5838780500,218956.5,0.35094336,0.296579523,0.012421053,0.282539146,very_weak,sideways
2025/2/6,6,601012.SH,隆基绿能,6805387300,66505,0.180076818,0.146705367,0.016508772,0.109079475,very_weak,sideways
2025/2/6,7,002759.SZ,天际股份,3842732500,135741.5,0.020495849,0.133765217,0.007859649,0.026077308,very_weak,sideways
2025/2/6,8,002460.SZ,赣锋锂业,6265262200,113556.5,0.01112856,0.185200014,0.013263158,0.008390581,very_weak,sideways
2025/2/6,9,600010.SH,包钢股份,6212598200,63568.5,0.002857936,0.124193182,0.000736842,0.03878628,very_weak,sideways
2025/2/6,10,000158.SZ,常山北明,6650930300,158521,-0.022064566,0.250934862,-0.016157895,0.013655594,very_weak,sideways
2025/2/7,1,688256.SH,寒武纪,10607162100,475501,370.0498393,0.754056816,7.281473684,0.508207343,moderate,upward
2025/2/7,2,300308.SZ,中际旭创,17358865000,80292.5,8.034018438,0.50181759,0.592280702,0.135645453,very_weak,upward
2025/2/7,3,000981.SZ,山子高科,5838780500,218956.5,0.774602297,0.296579523,0.016333333,0.474246304,very_weak,sideways
2025/2/7,4,600089.SH,特变电工,5332485200,69414,0.400283286,0.102879135,0.013368421,0.299424505,very_weak,sideways
2025/2/7,5,601288.SH,农业银行,4575465300,91258.5,0.324599904,0.10450082,0.008578947,0.378367986,very_weak,sideways
2025/2/7,6,002460.SZ,赣锋锂业,6265262200,113556.5,0.001487706,0.185200014,0.006824561,0.002179929,very_weak,sideways
2025/2/7,7,601012.SH,隆基绿能,6805387300,66505,0.000364192,0.146705367,0.002087719,0.001744447,very_weak,sideways
2025/2/7,8,002759.SZ,天际股份,3842732500,135741.5,-9.85E-05,0.133765217,-0.00122807,0.000801778,very_weak,sideways
2025/2/7,9,600010.SH,包钢股份,6212598200,63568.5,-0.000869859,0.124193182,-0.000578947,0.015024834,very_weak,sideways
2025/2/7,10,601212.SH,白银有色,4249199000,396949,-0.309136477,0.456764341,-0.005719298,0.540514698,very_weak,sideways
2025/2/18,1,300274.SZ,阳光电源,18269279000,132523.5,20.90296081,0.593018565,0.331052632,0.631408991,moderate,upward
2025/2/18,2,300308.SZ,中际旭创,17358865000,80292.5,9.886439131,0.50181759,0.620701754,0.159278414,very_weak,upward
2025/2/18,3,000981.SZ,山子高科,5838780500,218956.5,0.060287917,0.296579523,0.005684211,0.106062076,very_weak,sideways
2025/2/18,4,688256.SH,寒武纪,10607162100,475501,0.007969,0.754056816,0.155421053,0.000512736,very_weak,upward
2025/2/18,5,000063.SZ,中兴通讯,16078399000,179199,0.001586672,0.578080134,0.009035088,0.001756122,very_weak,sideways
2025/2/18,6,002759.SZ,天际股份,3842732500,135741.5,-0.010851743,0.133765217,-0.005947368,0.018246294,very_weak,sideways
2025/2/18,7,600089.SH,特变电工,5332485200,69414,-0.032055208,0.102879135,-0.006368421,0.050334624,very_weak,sideways
2025/2/18,8,600010.SH,包钢股份,6212598200,63568.5,-0.038389785,0.124193182,-0.00254386,0.15091157,very_weak,sideways
2025/2/18,9,000969.SZ,安泰科技,5138780300,144956,-0.050373775,0.186300572,-0.008684211,0.058006165,very_weak,sideways
2025/2/18,10,601288.SH,农业银行,4575465300,91258.5,-0.277218638,0.10450082,-0.008017544,0.345765041,very_weak,sideways
2025/2/19,1,300274.SZ,阳光电源,18269279000,132523.5,26.6335446,0.593018565,0.374508772,0.711159433,moderate,upward
2025/2/19,2,300308.SZ,中际旭创,17358865000,80292.5,10.66958649,0.50181759,0.636789474,0.167552809,very_weak,upward
2025/2/19,3,000063.SZ,中兴通讯,16078399000,179199,0.167224988,0.578080134,0.045105263,0.037074385,very_weak,sideways
2025/2/19,4,000981.SZ,山子高科,5838780500,218956.5,0.067700536,0.296579523,0.005947368,0.113832759,very_weak,sideways
2025/2/19,5,000969.SZ,安泰科技,5138780300,144956,0.000103982,0.186300572,0.001192982,0.000871617,very_weak,sideways
2025/2/19,6,002759.SZ,天际股份,3842732500,135741.5,-0.002154892,0.133765217,-0.003491228,0.006172303,very_weak,sideways
2025/2/19,7,600010.SH,包钢股份,6212598200,63568.5,-0.021583321,0.124193182,-0.002140351,0.100840108,very_weak,sideways
2025/2/19,8,600089.SH,特变电工,5332485200,69414,-0.168974987,0.102879135,-0.011175439,0.151202108,very_weak,sideways
2025/2/19,9,601212.SH,白银有色,4249199000,396949,-0.238659104,0.456764341,-0.005473684,0.436011825,very_weak,sideways
2025/2/19,10,688981.SH,中芯国际,10097285500,59884,-0.356407206,0.24451411,-0.095701754,0.03724145,very_weak,sideways
2025/2/20,1,300274.SZ,阳光电源,18269279000,132523.5,34.65927975,0.593018565,0.427210526,0.811292738,moderate,upward
2025/2/20,2,300308.SZ,中际旭创,17358865000,80292.5,14.84226277,0.50181759,0.708122807,0.209600123,very_weak,upward
2025/2/20,3,000063.SZ,中兴通讯,16078399000,179199,0.612309756,0.578080134,0.070105263,0.087341482,very_weak,sideways
2025/2/20,4,000981.SZ,山子高科,5838780500,218956.5,0.083721556,0.296579523,0.006421053,0.13038603,very_weak,sideways
2025/2/20,5,000969.SZ,安泰科技,5138780300,144956,0.000123629,0.186300572,0.001263158,0.000978726,very_weak,sideways
2025/2/20,6,002759.SZ,天际股份,3842732500,135741.5,-0.000102918,0.133765217,-0.001263158,0.000814764,very_weak,sideways
2025/2/20,7,600010.SH,包钢股份,6212598200,63568.5,-0.012790665,0.124193182,-0.001807018,0.070783293,very_weak,sideways
2025/2/20,8,601212.SH,白银有色,4249199000,396949,-0.09432392,0.456764341,-0.003842105,0.245500614,very_weak,sideways
2025/2/20,9,600089.SH,特变电工,5332485200,69414,-0.447715462,0.102879135,-0.015578947,0.287384925,very_weak,sideways
2025/2/20,10,688981.SH,中芯国际,10097285500,59884,-0.471252742,0.24451411,-0.105385965,0.044716841,very_weak,downward
2025/2/21,1,300274.SZ,阳光电源,18269279000,132523.5,40.81301303,0.593018565,0.472666667,0.863462899,moderate,upward
2025/2/21,2,300308.SZ,中际旭创,17358865000,80292.5,10.43381312,0.50181759,0.62577193,0.166735077,very_weak,upward
2025/2/21,3,000063.SZ,中兴通讯,16078399000,179199,3.032587499,0.578080134,0.120017544,0.252678684,very_weak,upward
2025/2/21,4,000981.SZ,山子高科,5838780500,218956.5,0.011230223,0.296579523,0.002894737,0.038795315,very_weak,sideways
2025/2/21,5,002759.SZ,天际股份,3842732500,135741.5,-0.001551686,0.133765217,-0.003140351,0.004941122,very_weak,sideways
2025/2/21,6,688981.SH,中芯国际,10097285500,59884,-0.001836113,0.24451411,-0.016017544,0.001146314,very_weak,sideways
2025/2/21,7,000969.SZ,安泰科技,5138780300,144956,-0.006951183,0.186300572,-0.005263158,0.013207248,very_weak,sideways
2025/2/21,8,600010.SH,包钢股份,6212598200,63568.5,-0.03032272,0.124193182,-0.00245614,0.12345679,very_weak,sideways
2025/2/21,9,601212.SH,白银有色,4249199000,396949,-0.044903256,0.456764341,-0.003,0.149677518,very_weak,sideways
2025/2/21,10,300059.SZ,东方财富,7789936000,54133.5,-0.241432334,0.163627818,-0.025070175,0.09630261,very_weak,sideways
2025/2/24,1,300274.SZ,阳光电源,18269279000,132523.5,42.46922429,0.593018565,0.484947368,0.875749144,moderate,upward
2025/2/24,2,300308.SZ,中际旭创,17358865000,80292.5,5.670868695,0.50181759,0.512263158,0.110702255,very_weak,upward
2025/2/24,3,000063.SZ,中兴通讯,16078399000,179199,1.143948246,0.578080134,0.090017544,0.127080589,very_weak,sideways
2025/2/24,4,000981.SZ,山子高科,5838780500,218956.5,0.002277228,0.296579523,0.001631579,0.013957204,very_weak,sideways
2025/2/24,5,601212.SH,白银有色,4249199000,396949,-0.020895135,0.456764341,-0.002350877,0.088882289,very_weak,sideways
2025/2/24,6,002759.SZ,天际股份,3842732500,135741.5,-0.036842825,0.133765217,-0.00945614,0.0389618,very_weak,sideways
2025/2/24,7,000969.SZ,安泰科技,5138780300,144956,-0.040268248,0.186300572,-0.009929825,0.04055283,very_weak,sideways
2025/2/24,8,600010.SH,包钢股份,6212598200,63568.5,-0.040689549,0.124193182,-0.002719298,0.149632536,very_weak,sideways
2025/2/24,9,300059.SZ,东方财富,7789936000,54133.5,-0.291788834,0.163627818,-0.026947368,0.108281012,very_weak,sideways
2025/2/24,10,300476.SZ,胜宏科技,8983982100,54515,-0.299018331,0.202407712,-0.105070175,0.028458916,very_weak,downward
2025/2/25,1,300274.SZ,阳光电源,18269279000,132523.5,37.36191579,0.593018565,0.433754386,0.861361107,moderate,upward
2025/2/25,2,300308.SZ,中际旭创,17358865000,80292.5,3.391565699,0.50181759,0.429105263,0.079038082,very_weak,upward
2025/2/25,3,000063.SZ,中兴通讯,16078399000,179199,0.515664094,0.578080134,0.071298246,0.072324934,very_weak,sideways
2025/2/25,4,000981.SZ,山子高科,5838780500,218956.5,8.70E-06,0.296579523,0.000245614,0.000354225,very_weak,sideways
2025/2/25,5,601212.SH,白银有色,4249199000,396949,-0.001929323,0.456764341,-0.001070175,0.018028101,very_weak,sideways
2025/2/25,6,600010.SH,包钢股份,6212598200,63568.5,-0.042127612,0.124193182,-0.002754386,0.152947381,very_weak,sideways
2025/2/25,7,300476.SZ,胜宏科技,8983982100,54515,-0.061773937,0.202407712,-0.061421053,0.010057453,very_weak,sideways
2025/2/25,8,601899.SH,紫金矿业,9293026100,186481.5,-0.070832777,0.368920707,-0.015263158,0.046407681,very_weak,sideways
2025/2/25,9,000969.SZ,安泰科技,5138780300,144956,-0.151352872,0.186300572,-0.016491228,0.091777805,very_weak,sideways
2025/2/25,10,300059.SZ,东方财富,7789936000,54133.5,-0.23285332,0.163627818,-0.024824561,0.093799571,very_weak,sideways
2025/2/26,1,300274.SZ,阳光电源,18269279000,132523.5,34.75798176,0.593018565,0.406350877,0.85536869,moderate,upward
2025/2/26,2,300308.SZ,中际旭创,17358865000,80292.5,2.407942804,0.50181759,0.380491228,0.063285107,very_weak,upward
2025/2/26,3,000063.SZ,中兴通讯,16078399000,179199,0.073397784,0.578080134,0.036982456,0.019846649,very_weak,sideways
2025/2/26,4,601212.SH,白银有色,4249199000,396949,0.000476504,0.456764341,0.000684211,0.006964286,very_weak,sideways
2025/2/26,5,601899.SH,紫金矿业,9293026100,186481.5,5.98E-09,0.368920707,7.02E-05,8.52E-07,very_weak,sideways
2025/2/26,6,000981.SZ,山子高科,5838780500,218956.5,-9.03E-05,0.296579523,-0.000526316,0.00171664,very_weak,sideways
2025/2/26,7,300476.SZ,胜宏科技,8983982100,54515,-0.003051928,0.202407712,-0.022403509,0.001362255,very_weak,sideways
2025/2/26,8,600010.SH,包钢股份,6212598200,63568.5,-0.027862938,0.124193182,-0.002350877,0.118521452,very_weak,sideways
2025/2/26,9,300059.SZ,东方财富,7789936000,54133.5,-0.138965487,0.163627818,-0.020964912,0.066284793,very_weak,sideways
2025/2/26,10,600089.SH,特变电工,5332485200,69414,-0.25998902,0.102879135,-0.012701754,0.204687488,very_weak,sideways
2025/2/27,1,300274.SZ,阳光电源,18269279000,132523.5,25.79471471,0.593018565,0.355666667,0.725249711,moderate,upward
2025/2/27,2,601899.SH,紫金矿业,9293026100,186481.5,0.045497296,0.368920707,0.014192982,0.032056191,very_weak,sideways
2025/2/27,3,300308.SZ,中际旭创,17358865000,80292.5,0.037338757,0.50181759,0.085491228,0.004367554,very_weak,sideways
2025/2/27,4,601212.SH,白银有色,4249199000,396949,0.014527405,0.456764341,0.002105263,0.069005175,very_weak,sideways
2025/2/27,5,000063.SZ,中兴通讯,16078399000,179199,2.34E-05,0.578080134,0.002491228,9.39E-05,very_weak,sideways
2025/2/27,6,000981.SZ,山子高科,5838780500,218956.5,-0.026978646,0.296579523,-0.003912281,0.068958871,very_weak,sideways
2025/2/27,7,600010.SH,包钢股份,6212598200,63568.5,-0.034836178,0.124193182,-0.002596491,0.13416636,very_weak,sideways
2025/2/27,8,600089.SH,特变电工,5332485200,69414,-0.166605504,0.102879135,-0.010561404,0.157749397,very_weak,sideways
2025/2/27,9,300059.SZ,东方财富,7789936000,54133.5,-0.231622064,0.163627818,-0.025263158,0.091683734,very_weak,sideways
2025/2/27,10,601288.SH,农业银行,4575465300,91258.5,-0.278237445,0.10450082,-0.008684211,0.320394634,very_weak,sideways
2025/2/28,1,300274.SZ,阳光电源,18269279000,132523.5,12.14784493,0.593018565,0.26477193,0.458804109,weak,upward
2025/2/28,2,601899.SH,紫金矿业,9293026100,186481.5,0.656553029,0.368920707,0.035070175,0.187211219,very_weak,sideways
2025/2/28,3,601212.SH,白银有色,4249199000,396949,0.136460975,0.456764341,0.004385965,0.311131023,very_weak,sideways
2025/2/28,4,000063.SZ,中兴通讯,16078399000,179199,0.036990527,0.578080134,0.029280702,0.012633074,very_weak,sideways
2025/2/28,5,600010.SH,包钢股份,6212598200,63568.5,-0.013795804,0.124193182,-0.001807018,0.076345711,very_weak,sideways
2025/2/28,6,600089.SH,特变电工,5332485200,69414,-0.037681735,0.102879135,-0.006052632,0.062256779,very_weak,sideways
2025/2/28,7,000981.SZ,山子高科,5838780500,218956.5,-0.083295827,0.296579523,-0.006,0.138826378,very_weak,sideways
2025/2/28,8,300308.SZ,中际旭创,17358865000,80292.5,-0.092734312,0.50181759,-0.105859649,0.008760119,very_weak,downward
2025/2/28,9,601288.SH,农业银行,4575465300,91258.5,-0.201786258,0.10450082,-0.007684211,0.262598555,very_weak,sideways
2025/2/28,10,300059.SZ,东方财富,7789936000,54133.5,-0.226619028,0.163627818,-0.025070175,0.090393874,very_weak,sideways
2025/3/3,1,300274.SZ,阳光电源,18269279000,132523.5,4.954709492,0.593018565,0.183719298,0.269689115,very_weak,upward
2025/3/3,2,601899.SH,紫金矿业,9293026100,186481.5,2.548561347,0.368920707,0.059578947,0.427762064,very_weak,sideways
2025/3/3,3,601212.SH,白银有色,4249199000,396949,0.355175557,0.456764341,0.006754386,0.525844331,very_weak,sideways
2025/3/3,4,000063.SZ,中兴通讯,16078399000,179199,0.178178178,0.578080134,0.051789474,0.034404323,very_weak,sideways
2025/3/3,5,002050.SZ,三花智控,10307481500,317796,0.00509011,0.557302744,0.014666667,0.00347053,very_weak,sideways
2025/3/3,6,600089.SH,特变电工,5332485200,69414,-0.000381587,0.102879135,-0.001298246,0.00293925,very_weak,sideways
2025/3/3,7,600010.SH,包钢股份,6212598200,63568.5,-0.000511455,0.124193182,-0.000596491,0.008574395,very_weak,sideways
2025/3/3,8,000981.SZ,山子高科,5838780500,218956.5,-0.041837344,0.296579523,-0.004719298,0.088651622,very_weak,sideways
2025/3/3,9,688981.SH,中芯国际,10097285500,59884,-0.053444526,0.24451411,-0.049929825,0.010703928,very_weak,sideways
2025/3/3,10,300059.SZ,东方财富,7789936000,54133.5,-0.055691454,0.163627818,-0.016280702,0.034207035,very_weak,sideways
2025/3/4,1,601899.SH,紫金矿业,9293026100,186481.5,4.470825917,0.368920707,0.074473684,0.600322915,very_weak,sideways
2025/3/4,2,000063.SZ,中兴通讯,16078399000,179199,3.272557177,0.578080134,0.158192982,0.206871198,very_weak,upward
2025/3/4,3,688981.SH,中芯国际,10097285500,59884,2.322419557,0.24451411,0.163070175,0.142418413,very_weak,upward
2025/3/4,4,002050.SZ,三花智控,10307481500,317796,1.993947144,0.557302744,0.107596491,0.185317116,very_weak,upward
2025/3/4,5,300274.SZ,阳光电源,18269279000,132523.5,0.934000599,0.593018565,0.106403509,0.087779117,very_weak,upward
2025/3/4,6,601212.SH,白银有色,4249199000,396949,0.731877871,0.456764341,0.009140351,0.800710914,very_weak,sideways
2025/3/4,7,300059.SZ,东方财富,7789936000,54133.5,0.0491739,0.163627818,0.015596491,0.031528822,very_weak,sideways
2025/3/4,8,600089.SH,特变电工,5332485200,69414,0.010241158,0.102879135,0.003649123,0.028064713,very_weak,sideways
2025/3/4,9,600010.SH,包钢股份,6212598200,63568.5,0.000381556,0.124193182,0.000508772,0.007499554,very_weak,sideways
2025/3/4,10,600111.SH,北方稀土,9380893000,116513.5,0.000173036,0.288716198,0.002087719,0.000828827,very_weak,sideways
2025/3/5,1,000063.SZ,中兴通讯,16078399000,179199,5.762440675,0.578080134,0.19475188,0.295886267,very_weak,upward
2025/3/5,2,688981.SH,中芯国际,10097285500,59884,4.261620153,0.24451411,0.198834586,0.214329923,very_weak,upward
2025/3/5,3,601899.SH,紫金矿业,9293026100,186481.5,4.20879474,0.368920707,0.070135338,0.600096163,very_weak,sideways
2025/3/5,4,002050.SZ,三花智控,10307481500,317796,3.211458071,0.557302744,0.12524812,0.256407686,very_weak,upward
2025/3/5,5,601212.SH,白银有色,4249199000,396949,0.704333995,0.456764341,0.008759398,0.804089453,very_weak,sideways
2025/3/5,6,300274.SZ,阳光电源,18269279000,132523.5,0.502006165,0.593018565,0.082315789,0.060985404,very_weak,sideways
2025/3/5,7,300059.SZ,东方财富,7789936000,54133.5,0.238694879,0.163627818,0.026533835,0.089958682,very_weak,sideways
2025/3/5,8,600089.SH,特变电工,5332485200,69414,0.024153184,0.102879135,0.004676692,0.051645875,very_weak,sideways
2025/3/5,9,002156.SZ,通富微电,6874061400,117692,0.004012791,0.20964885,0.009669173,0.004150087,very_weak,sideways
2025/3/5,10,600010.SH,包钢股份,6212598200,63568.5,1.39E-06,0.124193182,7.52E-05,0.000185375,very_weak,sideways
2025/3/6,1,000063.SZ,中兴通讯,16078399000,179199,8.120766605,0.578080134,0.219285714,0.370328119,weak,upward
2025/3/6,2,688981.SH,中芯国际,10097285500,59884,5.97584986,0.24451411,0.218961039,0.27291841,very_weak,upward
2025/3/6,3,002050.SZ,三花智控,10307481500,317796,4.14808373,0.557302744,0.133701299,0.31025007,weak,upward
2025/3/6,4,601899.SH,紫金矿业,9293026100,186481.5,3.798409575,0.368920707,0.064974026,0.584604312,very_weak,sideways
2025/3/6,5,300274.SZ,阳光电源,18269279000,132523.5,0.852366263,0.593018565,0.094844156,0.089870193,very_weak,sideways
2025/3/6,6,601212.SH,白银有色,4249199000,396949,0.606230519,0.456764341,0.007974026,0.760256514,very_weak,sideways
2025/3/6,7,300059.SZ,东方财富,7789936000,54133.5,0.522933597,0.163627818,0.034285714,0.152522299,very_weak,sideways
2025/3/6,8,002156.SZ,通富微电,6874061400,117692,0.063229684,0.20964885,0.023753247,0.026619386,very_weak,sideways
2025/3/6,9,600089.SH,特变电工,5332485200,69414,0.024290358,0.102879135,0.004467532,0.054370859,very_weak,sideways
2025/3/6,10,300308.SZ,中际旭创,17358865000,80292.5,0.00212827,0.50181759,0.026090909,0.000815713,very_weak,sideways
2025/3/7,1,000063.SZ,中兴通讯,16078399000,179199,9.202934492,0.578080134,0.223370977,0.412002249,weak,upward
2025/3/7,2,688981.SH,中芯国际,10097285500,59884,6.572558777,0.24451411,0.218554489,0.30072861,weak,upward
2025/3/7,3,002050.SZ,三花智控,10307481500,317796,4.512777425,0.557302744,0.133128176,0.338979888,weak,upward
2025/3/7,4,601899.SH,紫金矿业,9293026100,186481.5,2.931428457,0.368920707,0.056888763,0.515291295,very_weak,sideways
2025/3/7,5,300274.SZ,阳光电源,18269279000,132523.5,1.045745996,0.593018565,0.097555054,0.107195471,very_weak,sideways
2025/3/7,6,601212.SH,白银有色,4249199000,396949,0.481605113,0.456764341,0.007052513,0.682884432,very_weak,sideways
2025/3/7,7,300059.SZ,东方财富,7789936000,54133.5,0.342345186,0.163627818,0.028435912,0.120391844,very_weak,sideways
2025/3/7,8,002156.SZ,通富微电,6874061400,117692,0.119315956,0.20964885,0.028238283,0.042253261,very_weak,sideways
2025/3/7,9,300308.SZ,中际旭创,17358865000,80292.5,0.042566914,0.50181759,0.068085827,0.006251949,very_weak,sideways
2025/3/7,10,600089.SH,特变电工,5332485200,69414,0.002790054,0.102879135,0.002123094,0.013141452,very_weak,sideways
2025/3/10,1,000063.SZ,中兴通讯,16078399000,179199,10.68497418,0.578080134,0.231768775,0.461018711,weak,upward
2025/3/10,2,688981.SH,中芯国际,10097285500,59884,8.425672014,0.24451411,0.235217391,0.358207868,weak,upward
2025/3/10,3,002050.SZ,三花智控,10307481500,317796,4.760378353,0.557302744,0.131245059,0.362709147,weak,upward
2025/3/10,4,601899.SH,紫金矿业,9293026100,186481.5,2.098942659,0.368920707,0.048705534,0.430945419,very_weak,sideways
2025/3/10,5,300274.SZ,阳光电源,18269279000,132523.5,1.576048649,0.593018565,0.108992095,0.144602106,very_weak,upward
2025/3/10,6,300059.SZ,东方财富,7789936000,54133.5,0.417993927,0.163627818,0.029328063,0.142523536,very_weak,sideways
2025/3/10,7,601212.SH,白银有色,4249199000,396949,0.348167221,0.456764341,0.006057312,0.574788299,very_weak,sideways
2025/3/10,8,300308.SZ,中际旭创,17358865000,80292.5,0.327010618,0.50181759,0.131146245,0.024934806,very_weak,upward
2025/3/10,9,002156.SZ,通富微电,6874061400,117692,0.294495087,0.20964885,0.03743083,0.078677146,very_weak,sideways
2025/3/10,10,002241.SZ,歌尔股份,3458498100,114387.5,0.015241212,0.096092907,0.013092885,0.011640835,very_weak,sideways
2025/3/11,1,000063.SZ,中兴通讯,16078399000,179199,11.89860161,0.578080134,0.236717391,0.502650082,moderate,upward
2025/3/11,2,688981.SH,中芯国际,10097285500,59884,10.88957432,0.24451411,0.257895652,0.422247301,weak,upward
2025/3/11,3,002050.SZ,三花智控,10307481500,317796,4.999476542,0.557302744,0.129482609,0.386111818,weak,upward
2025/3/11,4,300274.SZ,阳光电源,18269279000,132523.5,1.861238393,0.593018565,0.111408696,0.167064014,very_weak,upward
2025/3/11,5,601899.SH,紫金矿业,9293026100,186481.5,1.27175841,0.368920707,0.039717391,0.320201898,very_weak,sideways
2025/3/11,6,300308.SZ,中际旭创,17358865000,80292.5,0.868210004,0.50181759,0.176991304,0.049053823,very_weak,upward
2025/3/11,7,002156.SZ,通富微电,6874061400,117692,0.546691065,0.20964885,0.045234783,0.120856349,very_weak,sideways
2025/3/11,8,300059.SZ,东方财富,7789936000,54133.5,0.543508117,0.163627818,0.031121739,0.174639378,very_weak,sideways
2025/3/11,9,601212.SH,白银有色,4249199000,396949,0.223625756,0.456764341,0.005030435,0.444545583,very_weak,sideways
2025/3/11,10,002241.SZ,歌尔股份,3458498100,114387.5,0.05238809,0.096092907,0.019169565,0.027328784,very_weak,sideways
2025/3/12,1,000063.SZ,中兴通讯,16078399000,179199,12.92981867,0.578080134,0.239769231,0.539260965,moderate,upward
2025/3/12,2,688981.SH,中芯国际,10097285500,59884,12.6488861,0.24451411,0.268923077,0.470353316,weak,upward
2025/3/12,3,002050.SZ,三花智控,10307481500,317796,6.022653565,0.557302744,0.137161538,0.43909201,weak,upward
2025/3/12,4,300274.SZ,阳光电源,18269279000,132523.5,2.344353575,0.593018565,0.117246154,0.199951427,very_weak,upward
2025/3/12,5,300308.SZ,中际旭创,17358865000,80292.5,1.704271747,0.50181759,0.216584615,0.078688495,very_weak,upward
2025/3/12,6,601899.SH,紫金矿业,9293026100,186481.5,0.893157058,0.368920707,0.033923077,0.263288929,very_weak,sideways
2025/3/12,7,002156.SZ,通富微电,6874061400,117692,0.877548355,0.20964885,0.052276923,0.167865342,very_weak,sideways
2025/3/12,8,300059.SZ,东方财富,7789936000,54133.5,0.605443281,0.163627818,0.031215385,0.193956694,very_weak,sideways
2025/3/12,9,002241.SZ,歌尔股份,3458498100,114387.5,0.134634323,0.096092907,0.025661538,0.052465414,very_weak,sideways
2025/3/12,10,601212.SH,白银有色,4249199000,396949,0.112789201,0.456764341,0.003907692,0.288633781,very_weak,sideways
2025/3/13,1,688981.SH,中芯国际,10097285500,59884,16.13609841,0.24451411,0.300023077,0.537828576,moderate,upward
2025/3/13,2,000063.SZ,中兴通讯,16078399000,179199,11.69341055,0.578080134,0.229623077,0.509243701,moderate,upward
2025/3/13,3,002050.SZ,三花智控,10307481500,317796,9.132843258,0.557302744,0.162992308,0.560323575,weak,upward
2025/3/13,4,300308.SZ,中际旭创,17358865000,80292.5,9.007306666,0.50181759,0.366561538,0.245724271,very_weak,upward
2025/3/13,5,300274.SZ,阳光电源,18269279000,132523.5,2.803217611,0.593018565,0.125776923,0.222872173,very_weak,upward
2025/3/13,6,002156.SZ,通富微电,6874061400,117692,2.201105371,0.20964885,0.071769231,0.306692067,very_weak,sideways
2025/3/13,7,300059.SZ,东方财富,7789936000,54133.5,1.438706864,0.163627818,0.040361538,0.356454912,very_weak,sideways
2025/3/13,8,002475.SZ,立讯精密,10165620000,84651,0.701739724,0.276096386,0.066061538,0.106225156,very_weak,sideways
2025/3/13,9,002241.SZ,歌尔股份,3458498100,114387.5,0.668392664,0.096092907,0.043592308,0.153328121,very_weak,sideways
2025/3/13,10,601899.SH,紫金矿业,9293026100,186481.5,0.58699419,0.368920707,0.029661538,0.197897419,very_weak,sideways
2025/3/14,1,300308.SZ,中际旭创,17358865000,80292.5,22.25062057,0.50181759,0.491,0.453169462,weak,upward
2025/3/14,2,688981.SH,中芯国际,10097285500,59884,17.90672112,0.24451411,0.323269231,0.553925936,moderate,upward
2025/3/14,3,000063.SZ,中兴通讯,16078399000,179199,11.06607944,0.578080134,0.223030769,0.496168286,weak,upward
2025/3/14,4,002050.SZ,三花智控,10307481500,317796,9.590510856,0.557302744,0.168646154,0.568676524,weak,upward
2025/3/14,5,002156.SZ,通富微电,6874061400,117692,3.616277368,0.20964885,0.089453846,0.404261809,very_weak,sideways
2025/3/14,6,300274.SZ,阳光电源,18269279000,132523.5,2.71505091,0.593018565,0.124146154,0.218697948,very_weak,upward
2025/3/14,7,002475.SZ,立讯精密,10165620000,84651,2.423026317,0.276096386,0.102638462,0.236073912,very_weak,upward
2025/3/14,8,601138.SH,工业富联,8413468100,81600,2.146485088,0.216234418,0.067015385,0.320297362,very_weak,sideways
2025/3/14,9,300059.SZ,东方财富,7789936000,54133.5,1.986103774,0.163627818,0.045384615,0.437616086,very_weak,sideways
2025/3/14,10,002241.SZ,歌尔股份,3458498100,114387.5,1.173378921,0.096092907,0.056353846,0.208216298,very_weak,sideways
2025/3/17,1,300308.SZ,中际旭创,17358865000,80292.5,28.07161497,0.50181759,0.534938462,0.524763445,moderate,upward
2025/3/17,2,688981.SH,中芯国际,10097285500,59884,19.73072479,0.24451411,0.339815385,0.58063071,moderate,upward
2025/3/17,3,000063.SZ,中兴通讯,16078399000,179199,9.966735912,0.578080134,0.212023077,0.470077883,weak,upward
2025/3/17,4,002050.SZ,三花智控,10307481500,317796,7.546970881,0.557302744,0.149492308,0.504840082,weak,upward
2025/3/17,5,002156.SZ,通富微电,6874061400,117692,4.017101177,0.20964885,0.093530769,0.42949515,very_weak,sideways
2025/3/17,6,002475.SZ,立讯精密,10165620000,84651,3.877827077,0.276096386,0.122269231,0.317154778,weak,upward
2025/3/17,7,601138.SH,工业富联,8413468100,81600,3.062468839,0.216234418,0.075807692,0.403978639,very_weak,sideways
2025/3/17,8,002241.SZ,歌尔股份,3458498100,114387.5,1.475077585,0.096092907,0.062176923,0.237238756,very_weak,sideways
2025/3/17,9,300274.SZ,阳光电源,18269279000,132523.5,1.010592713,0.593018565,0.0799,0.126482192,very_weak,sideways
2025/3/17,10,300059.SZ,东方财富,7789936000,54133.5,0.832057811,0.163627818,0.034276923,0.242745771,very_weak,sideways
2025/3/18,1,300308.SZ,中际旭创,17358865000,80292.5,29.41880647,0.50181759,0.545069231,0.539726053,moderate,upward
2025/3/18,2,688981.SH,中芯国际,10097285500,59884,20.71925845,0.24451411,0.350515385,0.59110839,moderate,upward
2025/3/18,3,000063.SZ,中兴通讯,16078399000,179199,9.471694295,0.578080134,0.206992308,0.457586777,weak,upward
2025/3/18,4,002050.SZ,三花智控,10307481500,317796,6.689138739,0.557302744,0.141653846,0.472217234,weak,upward
2025/3/18,5,002475.SZ,立讯精密,10165620000,84651,5.809618016,0.276096386,0.143115385,0.405939447,weak,upward
2025/3/18,6,002156.SZ,通富微电,6874061400,117692,4.580924546,0.20964885,0.098738462,0.463945303,very_weak,sideways
2025/3/18,7,601138.SH,工业富联,8413468100,81600,3.618481828,0.216234418,0.080276923,0.45074994,very_weak,sideways
2025/3/18,8,002241.SZ,歌尔股份,3458498100,114387.5,1.797581573,0.096092907,0.0676,0.265914434,very_weak,sideways
2025/3/18,9,300059.SZ,东方财富,7789936000,54133.5,0.373004372,0.163627818,0.025915385,0.143931637,very_weak,sideways
2025/3/18,10,300274.SZ,阳光电源,18269279000,132523.5,0.356925121,0.593018565,0.053730769,0.066428441,very_weak,sideways
2025/3/19,1,688981.SH,中芯国际,10097285500,59884,24.02658269,0.24451411,0.376315385,0.638469318,moderate,upward
2025/3/19,2,300308.SZ,中际旭创,17358865000,80292.5,22.98420257,0.50181759,0.499046154,0.460562663,weak,upward
2025/3/19,3,000063.SZ,中兴通讯,16078399000,179199,9.107888778,0.578080134,0.203423077,0.447731345,weak,upward
2025/3/19,4,002475.SZ,立讯精密,10165620000,84651,8.495898889,0.276096386,0.164976923,0.514974987,weak,upward
2025/3/19,5,002050.SZ,三花智控,10307481500,317796,6.277693364,0.557302744,0.137638462,0.456100228,weak,upward
2025/3/19,6,002156.SZ,通富微电,6874061400,117692,5.939373918,0.20964885,0.108646154,0.546671346,weak,upward
2025/3/19,7,601138.SH,工业富联,8413468100,81600,4.112775068,0.216234418,0.083907692,0.490154711,very_weak,sideways
2025/3/19,8,002241.SZ,歌尔股份,3458498100,114387.5,1.727869339,0.096092907,0.066592308,0.25946981,very_weak,sideways
2025/3/19,9,601288.SH,农业银行,4575465300,91258.5,0.301252274,0.10450082,0.006161538,0.48892379,very_weak,sideways
2025/3/19,10,300059.SZ,东方财富,7789936000,54133.5,0.192287688,0.163627818,0.020892308,0.092037553,very_weak,sideways
2025/3/20,1,688981.SH,中芯国际,10097285500,59884,22.96518163,0.24451411,0.365546154,0.628243011,moderate,upward
2025/3/20,2,300308.SZ,中际旭创,17358865000,80292.5,21.16461902,0.50181759,0.482807692,0.438365406,weak,upward
2025/3/20,3,000063.SZ,中兴通讯,16078399000,179199,8.727257141,0.578080134,0.199307692,0.437878591,weak,upward
2025/3/20,4,002475.SZ,立讯精密,10165620000,84651,8.58330586,0.276096386,0.165784615,0.517738382,weak,upward
2025/3/20,5,002050.SZ,三花智控,10307481500,317796,6.895458359,0.557302744,0.143569231,0.480288034,weak,upward
2025/3/20,6,002156.SZ,通富微电,6874061400,117692,6.149868657,0.20964885,0.110430769,0.556898109,weak,upward
2025/3/20,7,601138.SH,工业富联,8413468100,81600,4.672113319,0.216234418,0.088361538,0.528749657,very_weak,sideways
2025/3/20,8,002241.SZ,歌尔股份,3458498100,114387.5,1.281255777,0.096092907,0.059138462,0.216653552,very_weak,sideways
2025/3/20,9,601288.SH,农业银行,4575465300,91258.5,0.26896123,0.10450082,0.005946154,0.452328071,very_weak,sideways
2025/3/20,10,000021.SZ,深科技,5681892700,115891.5,0.1430625,0.169245414,0.018584615,0.076978994,very_weak,sideways
2025/3/21,1,688981.SH,中芯国际,10097285500,59884,25.143725,0.24451411,0.383176923,0.656191004,moderate,upward
2025/3/21,2,300308.SZ,中际旭创,17358865000,80292.5,23.172219,0.50181759,0.498861538,0.464502015,weak,upward
2025/3/21,3,000063.SZ,中兴通讯,16078399000,179199,10.79448838,0.578080134,0.218076923,0.494985358,weak,upward
2025/3/21,4,002475.SZ,立讯精密,10165620000,84651,9.826498984,0.276096386,0.176069231,0.558104272,weak,upward
2025/3/21,5,002050.SZ,三花智控,10307481500,317796,7.943996129,0.557302744,0.151776923,0.523399471,weak,upward
2025/3/21,6,002156.SZ,通富微电,6874061400,117692,7.724664598,0.20964885,0.121653846,0.634970849,weak,upward
2025/3/21,7,601138.SH,工业富联,8413468100,81600,5.938078683,0.216234418,0.097115385,0.611445726,very_weak,sideways
2025/3/21,8,002241.SZ,歌尔股份,3458498100,114387.5,1.97932027,0.096092907,0.068730769,0.287981685,very_weak,sideways
2025/3/21,9,000021.SZ,深科技,5681892700,115891.5,0.48119487,0.169245414,0.027984615,0.171949788,very_weak,sideways
2025/3/21,10,601288.SH,农业银行,4575465300,91258.5,0.254205979,0.10450082,0.005830769,0.435973315,very_weak,sideways
2025/3/24,1,688981.SH,中芯国际,10097285500,59884,31.98448768,0.24451411,0.434184615,0.736656402,moderate,upward
2025/3/24,2,300308.SZ,中际旭创,17358865000,80292.5,28.92712571,0.50181759,0.542953846,0.532773198,moderate,upward
2025/3/24,3,000063.SZ,中兴通讯,16078399000,179199,13.80175763,0.578080134,0.244461538,0.564577877,moderate,upward
2025/3/24,4,002475.SZ,立讯精密,10165620000,84651,11.25571659,0.276096386,0.188023077,0.598634847,weak,upward
2025/3/24,5,002050.SZ,三花智控,10307481500,317796,10.95248475,0.557302744,0.174538462,0.627511246,weak,upward
2025/3/24,6,002156.SZ,通富微电,6874061400,117692,8.16831398,0.20964885,0.126046154,0.648041509,weak,upward
2025/3/24,7,601138.SH,工业富联,8413468100,81600,6.940418414,0.216234418,0.104076923,0.666854689,weak,upward
2025/3/24,8,002241.SZ,歌尔股份,3458498100,114387.5,3.507649931,0.096092907,0.085315385,0.411139204,very_weak,sideways
2025/3/24,9,000021.SZ,深科技,5681892700,115891.5,1.172640078,0.169245414,0.039046154,0.300321533,very_weak,sideways
2025/3/24,10,600745.SH,闻泰科技,6417753200,164521,0.533250956,0.250569881,0.042738462,0.124770742,very_weak,sideways
2025/3/25,1,688981.SH,中芯国际,10097285500,59884,34.99987634,0.24451411,0.457623077,0.764818867,moderate,upward
2025/3/25,2,300308.SZ,中际旭创,17358865000,80292.5,24.31996148,0.50181759,0.497946154,0.488405449,weak,upward
2025/3/25,3,000063.SZ,中兴通讯,16078399000,179199,15.25229831,0.578080134,0.257715385,0.591827234,moderate,upward
2025/3/25,4,002475.SZ,立讯精密,10165620000,84651,12.142897,0.276096386,0.193676923,0.626966641,weak,upward
2025/3/25,5,002050.SZ,三花智控,10307481500,317796,11.57982968,0.557302744,0.179630769,0.644646222,weak,upward
2025/3/25,6,002156.SZ,通富微电,6874061400,117692,8.395331036,0.20964885,0.128038462,0.655688215,weak,upward
2025/3/25,7,601138.SH,工业富联,8413468100,81600,6.418131826,0.216234418,0.099969231,0.642010724,very_weak,sideways
2025/3/25,8,002241.SZ,歌尔股份,3458498100,114387.5,4.632122615,0.096092907,0.094292308,0.491251379,very_weak,sideways
2025/3/25,9,000021.SZ,深科技,5681892700,115891.5,1.678670907,0.169245414,0.045453846,0.369313281,very_weak,sideways
2025/3/25,10,600745.SH,闻泰科技,6417753200,164521,1.487652452,0.250569881,0.063746154,0.233371327,very_weak,sideways
2025/3/26,1,688981.SH,中芯国际,10097285500,59884,43.80082666,0.24451411,0.5155,0.84967656,strong,upward
2025/3/26,2,300308.SZ,中际旭创,17358865000,80292.5,21.64763215,0.50181759,0.471007692,0.459602518,weak,upward
2025/3/26,3,000063.SZ,中兴通讯,16078399000,179199,19.28151199,0.578080134,0.288723077,0.667820259,moderate,upward
2025/3/26,4,002475.SZ,立讯精密,10165620000,84651,14.56125443,0.276096386,0.2074,0.702085556,moderate,upward
2025/3/26,5,002050.SZ,三花智控,10307481500,317796,13.38075505,0.557302744,0.193030769,0.693192858,weak,upward
2025/3/26,6,002156.SZ,通富微电,6874061400,117692,10.39029747,0.20964885,0.142438462,0.729458698,weak,upward
2025/3/26,7,002241.SZ,歌尔股份,3458498100,114387.5,7.636494365,0.096092907,0.114338462,0.667885002,weak,upward
2025/3/26,8,601138.SH,工业富联,8413468100,81600,6.364249942,0.216234418,0.099523077,0.639474797,very_weak,sideways
2025/3/26,9,600745.SH,闻泰科技,6417753200,164521,4.838432419,0.250569881,0.096007692,0.503962995,very_weak,sideways
2025/3/26,10,000021.SZ,深科技,5681892700,115891.5,3.830086807,0.169245414,0.061876923,0.61898469,very_weak,sideways
2025/3/27,1,688981.SH,中芯国际,10097285500,59884,45.47202024,0.24451411,0.529107692,0.859409547,strong,upward
2025/3/27,2,688256.SH,寒武纪,10607162100,475501,32.77731464,0.754056816,2.529207692,0.129595188,very_weak,upward
2025/3/27,3,000063.SZ,中兴通讯,16078399000,179199,21.21910724,0.578080134,0.303807692,0.698438775,moderate,upward
2025/3/27,4,300308.SZ,中际旭创,17358865000,80292.5,18.68647238,0.50181759,0.437146154,0.427465099,weak,upward
2025/3/27,5,002475.SZ,立讯精密,10165620000,84651,15.67235075,0.276096386,0.2137,0.733380943,moderate,upward
2025/3/27,6,002050.SZ,三花智控,10307481500,317796,12.26017706,0.557302744,0.182176923,0.672981893,weak,upward
2025/3/27,7,002156.SZ,通富微电,6874061400,117692,10.9418748,0.20964885,0.147015385,0.744267332,weak,upward
2025/3/27,8,002241.SZ,歌尔股份,3458498100,114387.5,9.116726785,0.096092907,0.123707692,0.736957146,weak,upward
2025/3/27,9,600745.SH,闻泰科技,6417753200,164521,7.786742592,0.250569881,0.1196,0.651065434,weak,upward
2025/3/27,10,601138.SH,工业富联,8413468100,81600,5.747527676,0.216234418,0.093007692,0.617962615,very_weak,sideways
2025/3/28,1,688256.SH,寒武纪,10607162100,475501,199.1742184,0.754056816,4.515438462,0.441096075,weak,upward
2025/3/28,2,688981.SH,中芯国际,10097285500,59884,47.11571654,0.24451411,0.538030769,0.87570673,strong,upward
2025/3/28,3,000063.SZ,中兴通讯,16078399000,179199,23.22647862,0.578080134,0.317615385,0.731276876,moderate,upward
2025/3/28,4,300308.SZ,中际旭创,17358865000,80292.5,16.60251058,0.50181759,0.409253846,0.40567757,weak,upward
2025/3/28,5,002475.SZ,立讯精密,10165620000,84651,14.53579564,0.276096386,0.206284615,0.704647587,moderate,upward
2025/3/28,6,002156.SZ,通富微电,6874061400,117692,11.78862628,0.20964885,0.152761538,0.771701202,weak,upward
2025/3/28,7,002050.SZ,三花智控,10307481500,317796,10.22854534,0.557302744,0.165515385,0.617981547,weak,upward
2025/3/28,8,002241.SZ,歌尔股份,3458498100,114387.5,9.088992518,0.096092907,0.123476923,0.736088355,weak,upward
2025/3/28,9,600745.SH,闻泰科技,6417753200,164521,8.656988281,0.250569881,0.1279,0.676856003,weak,upward
2025/3/28,10,601138.SH,工业富联,8413468100,81600,5.637446956,0.216234418,0.091969231,0.61297098,very_weak,sideways
2025/3/31,1,688256.SH,寒武纪,10607162100,475501,287.7603617,0.754056816,5.3837,0.534502966,moderate,upward
2025/3/31,2,688981.SH,中芯国际,10097285500,59884,44.51976358,0.24451411,0.513176923,0.867532455,strong,upward
2025/3/31,3,000063.SZ,中兴通讯,16078399000,179199,20.59616634,0.578080134,0.290469231,0.709065338,moderate,upward
2025/3/31,4,300308.SZ,中际旭创,17358865000,80292.5,13.43539312,0.50181759,0.342461538,0.392318308,weak,upward
2025/3/31,5,002475.SZ,立讯精密,10165620000,84651,11.38048829,0.276096386,0.182161538,0.624747045,weak,upward
2025/3/31,6,002156.SZ,通富微电,6874061400,117692,11.34398985,0.20964885,0.148715385,0.762798676,weak,upward
2025/3/31,7,600745.SH,闻泰科技,6417753200,164521,8.974107868,0.250569881,0.131384615,0.683040997,weak,upward
2025/3/31,8,002050.SZ,三花智控,10307481500,317796,8.626914237,0.557302744,0.1485,0.580936986,weak,upward
2025/3/31,9,002241.SZ,歌尔股份,3458498100,114387.5,8.491119235,0.096092907,0.117715385,0.721326211,weak,upward
2025/3/31,10,000158.SZ,常山北明,6650930300,158521,6.03911435,0.250934862,0.146615385,0.411901818,weak,upward
2025/4/1,1,688256.SH,寒武纪,10607162100,475501,329.9837749,0.754056816,5.818761538,0.567103107,moderate,upward
2025/4/1,2,688981.SH,中芯国际,10097285500,59884,42.71336057,0.24451411,0.493553846,0.865424531,moderate,upward
2025/4/1,3,000063.SZ,中兴通讯,16078399000,179199,18.18282956,0.578080134,0.256953846,0.707630177,moderate,upward
2025/4/1,4,300308.SZ,中际旭创,17358865000,80292.5,10.50646941,0.50181759,0.290215385,0.362023172,weak,upward
2025/4/1,5,002156.SZ,通富微电,6874061400,117692,10.49916352,0.20964885,0.136707692,0.768000933,weak,upward
2025/4/1,6,600745.SH,闻泰科技,6417753200,164521,9.277225521,0.250569881,0.136115385,0.68157068,weak,upward
2025/4/1,7,002475.SZ,立讯精密,10165620000,84651,8.787695068,0.276096386,0.158892308,0.553059817,weak,upward
2025/4/1,8,002241.SZ,歌尔股份,3458498100,114387.5,8.510600138,0.096092907,0.117923077,0.721707774,weak,upward
2025/4/1,9,002050.SZ,三花智控,10307481500,317796,8.188540693,0.557302744,0.143438462,0.570874827,weak,upward
2025/4/1,10,000158.SZ,常山北明,6650930300,158521,7.104569729,0.250934862,0.160284615,0.44324714,weak,upward
2025/4/2,1,688256.SH,寒武纪,10607162100,475501,342.3726376,0.754056816,5.940823077,0.576305056,moderate,upward
2025/4/2,2,688981.SH,中芯国际,10097285500,59884,44.11879291,0.24451411,0.510430769,0.864344306,strong,upward
2025/4/2,3,000063.SZ,中兴通讯,16078399000,179199,15.81162691,0.578080134,0.227038462,0.696429442,moderate,upward
2025/4/2,4,002156.SZ,通富微电,6874061400,117692,9.68069431,0.20964885,0.126615385,0.764574885,weak,upward
2025/4/2,5,600745.SH,闻泰科技,6417753200,164521,9.574128217,0.250569881,0.139969231,0.684016635,weak,upward
2025/4/2,6,002460.SZ,赣锋锂业,6265262200,113556.5,9.25879825,0.185200014,0.139884615,0.661888244,weak,upward
2025/4/2,7,300308.SZ,中际旭创,17358865000,80292.5,8.569187025,0.50181759,0.257546154,0.332724325,weak,upward
2025/4/2,8,002241.SZ,歌尔股份,3458498100,114387.5,8.160739391,0.096092907,0.113153846,0.721207424,weak,upward
2025/4/2,9,000158.SZ,常山北明,6650930300,158521,7.5070268,0.250934862,0.165846154,0.452650039,weak,upward
2025/4/2,10,002050.SZ,三花智控,10307481500,317796,7.456197707,0.557302744,0.132830769,0.561330613,weak,upward
2025/4/3,1,688256.SH,寒武纪,10607162100,475501,341.1774701,0.754056816,5.928715385,0.575466097,moderate,upward
2025/4/3,2,688981.SH,中芯国际,10097285500,59884,42.82463134,0.24451411,0.485507692,0.882058761,moderate,upward
2025/4/3,3,000063.SZ,中兴通讯,16078399000,179199,12.90119471,0.578080134,0.187584615,0.687753347,weak,upward
2025/4/3,4,002460.SZ,赣锋锂业,6265262200,113556.5,12.58027996,0.185200014,0.160384615,0.784381964,weak,upward
2025/4/3,5,600745.SH,闻泰科技,6417753200,164521,9.696023807,0.250569881,0.141361538,0.685902538,weak,upward
2025/4/3,6,002156.SZ,通富微电,6874061400,117692,8.77409842,0.20964885,0.110953846,0.790788127,weak,upward
2025/4/3,7,000158.SZ,常山北明,6650930300,158521,8.279352692,0.250934862,0.175269231,0.472379131,weak,upward
2025/4/3,8,002241.SZ,歌尔股份,3458498100,114387.5,7.879762144,0.096092907,0.109823077,0.717496028,weak,upward
2025/4/3,9,002050.SZ,三花智控,10307481500,317796,6.386686428,0.557302744,0.108353846,0.589428678,weak,upward
2025/4/3,10,002475.SZ,立讯精密,10165620000,84651,5.559082817,0.276096386,0.106838462,0.520325989,weak,upward
2025/4/8,1,688256.SH,寒武纪,10607162100,475501,529.76636,0.754056816,7.512782609,0.70515332,strong,upward
2025/4/8,2,688981.SH,中芯国际,10097285500,59884,46.95944486,0.24451411,0.518517391,0.905648405,strong,upward
2025/4/8,3,300308.SZ,中际旭创,17358865000,80292.5,17.90344808,0.50181759,0.520104348,0.344228003,weak,upward
2025/4/8,4,600745.SH,闻泰科技,6417753200,164521,17.71544245,0.250569881,0.226869565,0.780864654,moderate,upward
2025/4/8,5,002460.SZ,赣锋锂业,6265262200,113556.5,16.87272102,0.185200014,0.212430435,0.794270418,moderate,upward
2025/4/8,6,000158.SZ,常山北明,6650930300,158521,14.93930977,0.250934862,0.245973913,0.607353421,moderate,upward
2025/4/8,7,000063.SZ,中兴通讯,16078399000,179199,14.8073113,0.578080134,0.206534783,0.716940319,moderate,upward
2025/4/8,8,002156.SZ,通富微电,6874061400,117692,11.18231597,0.20964885,0.146491304,0.763343327,weak,upward
2025/4/8,9,002050.SZ,三花智控,10307481500,317796,11.18127853,0.557302744,0.169808696,0.658463248,weak,upward
2025/4/8,10,002241.SZ,歌尔股份,3458498100,114387.5,9.914087039,0.096092907,0.175621739,0.564513658,weak,upward
2025/4/9,1,688256.SH,寒武纪,10607162100,475501,752.6997035,0.754056816,8.909669565,0.844812143,strong,upward
2025/4/9,2,688981.SH,中芯国际,10097285500,59884,49.61707802,0.24451411,0.542004348,0.915436901,strong,upward
2025/4/9,3,300308.SZ,中际旭创,17358865000,80292.5,33.54201329,0.50181759,0.788269565,0.425514504,weak,upward
2025/4/9,4,600745.SH,闻泰科技,6417753200,164521,21.49633087,0.250569881,0.270456522,0.79481651,moderate,upward
2025/4/9,5,000158.SZ,常山北明,6650930300,158521,21.27619724,0.250934862,0.301930435,0.704672162,moderate,upward
2025/4/9,6,002460.SZ,赣锋锂业,6265262200,113556.5,18.90596828,0.185200014,0.248582609,0.760550723,moderate,upward
2025/4/9,7,000063.SZ,中兴通讯,16078399000,179199,18.74595727,0.578080134,0.250521739,0.74827667,moderate,upward
2025/4/9,8,603799.SH,华友钴业,6580808200,90137.5,14.81016671,0.167539316,0.265717391,0.557365351,moderate,upward
2025/4/9,9,002050.SZ,三花智控,10307481500,317796,14.35116253,0.557302744,0.22986087,0.624341262,moderate,upward
2025/4/9,10,002241.SZ,歌尔股份,3458498100,114387.5,13.45819455,0.096092907,0.241995652,0.556133733,moderate,upward
2025/4/10,1,688256.SH,寒武纪,10607162100,475501,853.5417442,0.754056816,9.424386957,0.905673492,strong,upward
2025/4/10,2,300308.SZ,中际旭创,17358865000,80292.5,51.50685862,0.50181759,1.022221739,0.503871681,moderate,upward
2025/4/10,3,688981.SH,中芯国际,10097285500,59884,42.34439235,0.24451411,0.49986087,0.847123568,moderate,upward
2025/4/10,4,600745.SH,闻泰科技,6417753200,164521,25.69735666,0.250569881,0.30376087,0.845973239,moderate,upward
2025/4/10,5,000158.SZ,常山北明,6650930300,158521,25.08473142,0.250934862,0.331452174,0.756813,moderate,upward
2025/4/10,6,603799.SH,华友钴业,6580808200,90137.5,24.89531232,0.167539316,0.339808696,0.732627288,moderate,upward
2025/4/10,7,000063.SZ,中兴通讯,16078399000,179199,22.5744699,0.578080134,0.282726087,0.798457268,moderate,upward
2025/4/10,8,002460.SZ,赣锋锂业,6265262200,113556.5,22.12065941,0.185200014,0.280865217,0.787589849,moderate,upward
2025/4/10,9,002050.SZ,三花智控,10307481500,317796,18.29059979,0.557302744,0.277417391,0.659316985,moderate,upward
2025/4/10,10,002241.SZ,歌尔股份,3458498100,114387.5,18.20044333,0.096092907,0.301756522,0.603149958,moderate,upward
2025/4/11,1,688256.SH,寒武纪,10607162100,475501,834.3097731,0.754056816,9.292573913,0.897824199,strong,upward
2025/4/11,2,300308.SZ,中际旭创,17358865000,80292.5,64.76033641,0.50181759,1.155221739,0.560587931,moderate,upward
2025/4/11,3,688981.SH,中芯国际,10097285500,59884,32.03913124,0.24451411,0.431743478,0.742087208,moderate,upward
2025/4/11,4,603799.SH,华友钴业,6580808200,90137.5,31.46876951,0.167539316,0.382252174,0.823246319,moderate,upward
2025/4/11,5,000158.SZ,常山北明,6650930300,158521,27.25249893,0.250934862,0.347078261,0.785197519,moderate,upward
2025/4/11,6,600745.SH,闻泰科技,6417753200,164521,27.13723244,0.250569881,0.31423913,0.863585397,moderate,upward
2025/4/11,7,000063.SZ,中兴通讯,16078399000,179199,23.71916473,0.578080134,0.292108696,0.8119979,moderate,upward
2025/4/11,8,002460.SZ,赣锋锂业,6265262200,113556.5,23.39065459,0.185200014,0.291847826,0.801467494,moderate,upward
2025/4/11,9,002475.SZ,立讯精密,10165620000,84651,21.33046476,0.276096386,0.417695652,0.510670021,moderate,upward
2025/4/11,10,002241.SZ,歌尔股份,3458498100,114387.5,21.11576587,0.096092907,0.329265217,0.64129962,moderate,upward
2025/4/14,1,688256.SH,寒武纪,10607162100,475501,812.0257794,0.754056816,9.16193913,0.886303399,strong,upward
2025/4/14,2,300308.SZ,中际旭创,17358865000,80292.5,80.68998256,0.50181759,1.2872,0.626864377,moderate,upward
2025/4/14,3,603799.SH,华友钴业,6580808200,90137.5,36.67018589,0.167539316,0.412630435,0.888693194,moderate,upward
2025/4/14,4,000158.SZ,常山北明,6650930300,158521,30.53741499,0.250934862,0.366095652,0.834137603,moderate,upward
2025/4/14,5,600745.SH,闻泰科技,6417753200,164521,26.29279461,0.250569881,0.309034783,0.850803731,moderate,upward
2025/4/14,6,002475.SZ,立讯精密,10165620000,84651,25.0361314,0.276096386,0.451717391,0.554243248,moderate,upward
2025/4/14,7,002460.SZ,赣锋锂业,6265262200,113556.5,24.93270962,0.185200014,0.303634783,0.821141419,moderate,upward
2025/4/14,8,000063.SZ,中兴通讯,16078399000,179199,24.77499703,0.578080134,0.299278261,0.827824813,moderate,upward
2025/4/14,9,002241.SZ,歌尔股份,3458498100,114387.5,23.8885988,0.096092907,0.351756522,0.679123124,moderate,upward
2025/4/14,10,002050.SZ,三花智控,10307481500,317796,21.9992306,0.557302744,0.310813043,0.707796248,moderate,upward
2025/4/15,1,688256.SH,寒武纪,10607162100,475501,686.9744723,0.754056816,8.371478261,0.820613099,strong,upward
2025/4/15,2,300308.SZ,中际旭创,17358865000,80292.5,91.57236281,0.50181759,1.3652,0.670761521,moderate,upward
2025/4/15,3,603799.SH,华友钴业,6580808200,90137.5,36.36597266,0.167539316,0.410604348,0.885669449,moderate,upward
2025/4/15,4,002594.SZ,比亚迪,6576614900,69346.5,32.99954749,0.142733854,1.448530435,0.227813974,very_weak,upward
2025/4/15,5,000158.SZ,常山北明,6650930300,158521,30.87116044,0.250934862,0.368126087,0.838602901,moderate,upward
2025/4/15,6,002475.SZ,立讯精密,10165620000,84651,28.7084854,0.276096386,0.4823,0.595241248,moderate,upward
2025/4/15,7,002460.SZ,赣锋锂业,6265262200,113556.5,25.77866044,0.185200014,0.309369565,0.833264268,moderate,upward
2025/4/15,8,002241.SZ,歌尔股份,3458498100,114387.5,25.76009765,0.096092907,0.365869565,0.704078724,moderate,upward
2025/4/15,9,000063.SZ,中兴通讯,16078399000,179199,24.53696719,0.578080134,0.297786957,0.823977231,moderate,upward
2025/4/15,10,600745.SH,闻泰科技,6417753200,164521,24.3170951,0.250569881,0.297395652,0.817668144,moderate,upward
2025/4/16,1,688256.SH,寒武纪,10607162100,475501,578.1076672,0.754056816,7.495043478,0.771319965,strong,upward
2025/4/16,2,300308.SZ,中际旭创,17358865000,80292.5,103.2926682,0.50181759,1.4453,0.714679777,strong,upward
2025/4/16,3,002594.SZ,比亚迪,6576614900,69346.5,48.59693257,0.142733854,1.638891304,0.296523219,very_weak,upward
2025/4/16,4,603799.SH,华友钴业,6580808200,90137.5,35.1174131,0.167539316,0.401908696,0.873765944,moderate,upward
2025/4/16,5,002475.SZ,立讯精密,10165620000,84651,34.46969979,0.276096386,0.527865217,0.653001915,moderate,upward
2025/4/16,6,000158.SZ,常山北明,6650930300,158521,31.34636239,0.250934862,0.37086087,0.845232403,moderate,upward
2025/4/16,7,002241.SZ,歌尔股份,3458498100,114387.5,27.78980775,0.096092907,0.380904348,0.729574443,moderate,upward
2025/4/16,8,002460.SZ,赣锋锂业,6265262200,113556.5,26.27861232,0.185200014,0.312704348,0.840366068,moderate,upward
2025/4/16,9,300274.SZ,阳光电源,18269279000,132523.5,25.4789908,0.593018565,0.581430435,0.438212197,weak,upward
2025/4/16,10,002050.SZ,三花智控,10307481500,317796,25.06076597,0.557302744,0.333530435,0.751378686,moderate,upward
2025/4/17,1,688256.SH,寒武纪,10607162100,475501,429.1173139,0.754056816,6.403391304,0.670140701,moderate,upward
2025/4/17,2,300308.SZ,中际旭创,17358865000,80292.5,114.5380885,0.50181759,1.522104348,0.752498268,strong,upward
2025/4/17,3,002594.SZ,比亚迪,6576614900,69346.5,77.02911167,0.142733854,1.909052174,0.40349401,weak,upward
2025/4/17,4,300476.SZ,胜宏科技,8983982100,54515,41.21936775,0.202407712,0.870317391,0.473613054,weak,upward
2025/4/17,5,002475.SZ,立讯精密,10165620000,84651,40.38497278,0.276096386,0.57436087,0.703128902,strong,upward
2025/4/17,6,603799.SH,华友钴业,6580808200,90137.5,34.58223121,0.167539316,0.398386957,0.868056312,moderate,upward
2025/4/17,7,300274.SZ,阳光电源,18269279000,132523.5,34.18591505,0.593018565,0.661521739,0.516776895,moderate,upward
2025/4/17,8,000158.SZ,常山北明,6650930300,158521,31.87885806,0.250934862,0.374026087,0.852316434,moderate,upward
2025/4/17,9,002241.SZ,歌尔股份,3458498100,114387.5,29.84715699,0.096092907,0.396543478,0.752683088,moderate,upward
2025/4/17,10,002050.SZ,三花智控,10307481500,317796,27.67746232,0.557302744,0.3523,0.785621979,moderate,upward
2025/4/18,1,688256.SH,寒武纪,10607162100,475501,261.9390473,0.754056816,5.238369565,0.500039266,moderate,upward
2025/4/18,2,300308.SZ,中际旭创,17358865000,80292.5,123.3201441,0.50181759,1.580104348,0.780455697,strong,upward
2025/4/18,3,002594.SZ,比亚迪,6576614900,69346.5,111.3650418,0.142733854,2.166869565,0.513944372,moderate,upward
2025/4/18,4,300476.SZ,胜宏科技,8983982100,54515,61.27656211,0.202407712,0.989591304,0.619210798,moderate,upward
2025/4/18,5,002475.SZ,立讯精密,10165620000,84651,45.89980148,0.276096386,0.614582609,0.746845108,strong,upward
2025/4/18,6,300274.SZ,阳光电源,18269279000,132523.5,43.2902566,0.593018565,0.735734783,0.588394862,moderate,upward
2025/4/18,7,002241.SZ,歌尔股份,3458498100,114387.5,33.31343133,0.096092907,0.419256522,0.794583497,moderate,upward
2025/4/18,8,603799.SH,华友钴业,6580808200,90137.5,31.50388796,0.167539316,0.374695652,0.840786056,moderate,upward
2025/4/18,9,002050.SZ,三花智控,10307481500,317796,31.37258396,0.557302744,0.375313043,0.83590444,moderate,upward
2025/4/18,10,000158.SZ,常山北明,6650930300,158521,28.63675627,0.250934862,0.351773913,0.814067082,moderate,upward
2025/4/21,1,688256.SH,寒武纪,10607162100,475501,133.1819844,0.754056816,3.917413043,0.339974322,weak,upward
2025/4/21,2,300308.SZ,中际旭创,17358865000,80292.5,124.0558817,0.50181759,1.584865217,0.782753513,strong,upward
2025/4/21,3,002594.SZ,比亚迪,6576614900,69346.5,118.5903966,0.142733854,2.224252174,0.533169746,moderate,upward
2025/4/21,4,300476.SZ,胜宏科技,8983982100,54515,55.22641936,0.202407712,0.9535,0.579196847,moderate,upward
2025/4/21,5,300274.SZ,阳光电源,18269279000,132523.5,49.65163073,0.593018565,0.78416087,0.633181693,moderate,upward
2025/4/21,6,002475.SZ,立讯精密,10165620000,84651,48.60632798,0.276096386,0.633569565,0.767182179,strong,upward
2025/4/21,7,002241.SZ,歌尔股份,3458498100,114387.5,34.30324267,0.096092907,0.425547826,0.806096062,moderate,upward
2025/4/21,8,002050.SZ,三花智控,10307481500,317796,30.62606498,0.557302744,0.369726087,0.828344714,moderate,upward
2025/4/21,9,002460.SZ,赣锋锂业,6265262200,113556.5,26.5670305,0.185200014,0.314091304,0.845837823,moderate,upward
2025/4/21,10,603799.SH,华友钴业,6580808200,90137.5,25.93177533,0.167539316,0.332156522,0.780709504,moderate,upward
2025/4/22,1,300308.SZ,中际旭创,17358865000,80292.5,117.6747997,0.50181759,1.544582609,0.761855009,strong,upward
2025/4/22,2,002594.SZ,比亚迪,6576614900,69346.5,113.2091338,0.142733854,2.181152174,0.519033633,moderate,upward
2025/4/22,3,300274.SZ,阳光电源,18269279000,132523.5,54.01995177,0.593018565,0.815034783,0.662793207,moderate,upward
2025/4/22,4,002475.SZ,立讯精密,10165620000,84651,49.18899401,0.276096386,0.637334783,0.771792084,strong,upward
2025/4/22,5,688256.SH,寒武纪,10607162100,475501,33.74084929,0.754056816,2.333413043,0.1445987,very_weak,upward
2025/4/22,6,002241.SZ,歌尔股份,3458498100,114387.5,33.18844605,0.096092907,0.418817391,0.792432376,moderate,upward
2025/4/22,7,300476.SZ,胜宏科技,8983982100,54515,31.12462063,0.202407712,0.760473913,0.409279268,weak,upward
2025/4/22,8,002050.SZ,三花智控,10307481500,317796,26.60707074,0.557302744,0.344052174,0.773344067,moderate,upward
2025/4/22,9,002460.SZ,赣锋锂业,6265262200,113556.5,23.77056725,0.185200014,0.292665217,0.812210192,moderate,upward
2025/4/22,10,600580.SH,卧龙电驱,4808848000,75127.5,23.7129627,0.092850828,0.337856522,0.70186488,moderate,upward
2025/4/23,1,300308.SZ,中际旭创,17358865000,80292.5,104.3657138,0.50181759,1.44543913,0.722034651,strong,upward
2025/4/23,2,002594.SZ,比亚迪,6576614900,69346.5,92.09873917,0.142733854,2.002913043,0.459823952,weak,upward
2025/4/23,3,300274.SZ,阳光电源,18269279000,132523.5,55.48096907,0.593018565,0.825656522,0.671961858,moderate,upward
2025/4/23,4,002475.SZ,立讯精密,10165620000,84651,49.02167097,0.276096386,0.636213043,0.770522885,strong,upward
2025/4/23,5,002241.SZ,歌尔股份,3458498100,114387.5,31.06891032,0.096092907,0.404356522,0.768354377,moderate,upward
2025/4/23,6,002050.SZ,三花智控,10307481500,317796,24.03596485,0.557302744,0.325856522,0.737624176,moderate,upward
2025/4/23,7,600580.SH,卧龙电驱,4808848000,75127.5,23.38058267,0.092850828,0.3355,0.69688771,moderate,upward
2025/4/23,8,002460.SZ,赣锋锂业,6265262200,113556.5,21.53568462,0.185200014,0.273495652,0.78742329,moderate,upward
2025/4/23,9,300476.SZ,胜宏科技,8983982100,54515,19.71164784,0.202407712,0.625826087,0.314970057,weak,upward
2025/4/23,10,000063.SZ,中兴通讯,16078399000,179199,13.93683161,0.578080134,0.209304348,0.66586441,moderate,upward
2025/4/24,1,300308.SZ,中际旭创,17358865000,80292.5,87.40227494,0.50181759,1.328934783,0.657686713,moderate,upward
2025/4/24,2,300274.SZ,阳光电源,18269279000,132523.5,53.15773786,0.593018565,0.809978261,0.656285982,moderate,upward
2025/4/24,3,002475.SZ,立讯精密,10165620000,84651,45.69782517,0.276096386,0.615021739,0.743027803,strong,upward
2025/4/24,4,002594.SZ,比亚迪,6576614900,69346.5,43.33719885,0.142733854,1.491452174,0.29057049,very_weak,upward
2025/4/24,5,002241.SZ,歌尔股份,3458498100,114387.5,27.13250094,0.096092907,0.37726087,0.719197328,moderate,upward
2025/4/24,6,002050.SZ,三花智控,10307481500,317796,20.07233598,0.557302744,0.299756522,0.669621327,moderate,upward
2025/4/24,7,600580.SH,卧龙电驱,4808848000,75127.5,19.95312079,0.092850828,0.312573913,0.638348882,moderate,upward
2025/4/24,8,002460.SZ,赣锋锂业,6265262200,113556.5,19.30267343,0.185200014,0.254473913,0.758532503,moderate,upward
2025/4/24,9,300476.SZ,胜宏科技,8983982100,54515,13.84410604,0.202407712,0.547713043,0.252762029,very_weak,upward
2025/4/24,10,300059.SZ,东方财富,7789936000,54133.5,11.19139243,0.163627818,0.160947826,0.695342876,weak,upward
2025/4/25,1,300308.SZ,中际旭创,17358865000,80292.5,72.95021601,0.50181759,1.215452174,0.600189934,moderate,upward
2025/4/25,2,300274.SZ,阳光电源,18269279000,132523.5,53.10300688,0.593018565,0.8096,0.655916587,moderate,upward
2025/4/25,3,002475.SZ,立讯精密,10165620000,84651,43.0086621,0.276096386,0.5969,0.720533793,strong,upward
2025/4/25,4,002241.SZ,歌尔股份,3458498100,114387.5,23.86188576,0.096092907,0.352786957,0.676382313,moderate,upward
2025/4/25,5,600580.SH,卧龙电驱,4808848000,75127.5,17.37079065,0.092850828,0.293943478,0.590956831,moderate,upward
2025/4/25,6,002460.SZ,赣锋锂业,6265262200,113556.5,16.57641632,0.185200014,0.233013043,0.711394352,moderate,upward
2025/4/25,7,002050.SZ,三花智控,10307481500,317796,16.51335446,0.557302744,0.271495652,0.608236424,moderate,upward
2025/4/25,8,002594.SZ,比亚迪,6576614900,69346.5,15.41588374,0.142733854,0.986343478,0.15629326,very_weak,upward
2025/4/25,9,300476.SZ,胜宏科技,8983982100,54515,9.943029146,0.202407712,0.482982609,0.205867229,very_weak,upward
2025/4/25,10,300059.SZ,东方财富,7789936000,54133.5,9.444875644,0.163627818,0.146386957,0.645199263,weak,upward
2025/4/28,1,300308.SZ,中际旭创,17358865000,80292.5,54.33446087,0.50181759,1.069704348,0.507939049,moderate,upward
2025/4/28,2,300274.SZ,阳光电源,18269279000,132523.5,49.95487348,0.593018565,0.789330435,0.632876566,moderate,upward
2025/4/28,3,002475.SZ,立讯精密,10165620000,84651,38.60548365,0.276096386,0.567965217,0.679715632,moderate,upward
2025/4/28,4,002241.SZ,歌尔股份,3458498100,114387.5,20.62829676,0.096092907,0.328608696,0.627746527,moderate,upward
2025/4/28,5,600580.SH,卧龙电驱,4808848000,75127.5,16.34976663,0.092850828,0.286921739,0.569833666,moderate,upward
2025/4/28,6,002460.SZ,赣锋锂业,6265262200,113556.5,15.22745465,0.185200014,0.222656522,0.683898883,moderate,upward
2025/4/28,7,002050.SZ,三花智控,10307481500,317796,13.66316602,0.557302744,0.249621739,0.547354812,moderate,upward
2025/4/28,8,000063.SZ,中兴通讯,16078399000,179199,8.107574264,0.578080134,0.154686957,0.524127855,weak,upward
2025/4/28,9,300059.SZ,东方财富,7789936000,54133.5,7.704675791,0.163627818,0.1326,0.58104644,weak,upward
2025/4/28,10,000969.SZ,安泰科技,5138780300,144956,7.160725931,0.186300572,0.108313043,0.661113907,weak,upward
2025/4/29,1,300274.SZ,阳光电源,18269279000,132523.5,40.6612573,0.593018565,0.731886957,0.555567454,moderate,upward
2025/4/29,2,300308.SZ,中际旭创,17358865000,80292.5,39.04735783,0.50181759,0.923143478,0.422982546,weak,upward
2025/4/29,3,002475.SZ,立讯精密,10165620000,84651,33.05963674,0.276096386,0.525413043,0.629212334,moderate,upward
2025/4/29,4,002241.SZ,歌尔股份,3458498100,114387.5,17.15576157,0.096092907,0.297852174,0.575982419,moderate,upward
2025/4/29,5,002460.SZ,赣锋锂业,6265262200,113556.5,13.88963028,0.185200014,0.211295652,0.657355234,moderate,upward
2025/4/29,6,600580.SH,卧龙电驱,4808848000,75127.5,12.13170939,0.092850828,0.248395652,0.488402646,weak,upward
2025/4/29,7,002050.SZ,三花智控,10307481500,317796,10.38334106,0.557302744,0.221078261,0.469668117,weak,upward
2025/4/29,8,000969.SZ,安泰科技,5138780300,144956,7.282509355,0.186300572,0.109134783,0.667294989,weak,upward
2025/4/29,9,000063.SZ,中兴通讯,16078399000,179199,7.168245766,0.578080134,0.145491304,0.492692384,weak,upward
2025/4/29,10,300059.SZ,东方财富,7789936000,54133.5,6.091319152,0.163627818,0.117978261,0.516308607,weak,upward
2025/4/30,1,300274.SZ,阳光电源,18269279000,132523.5,28.38289227,0.593018565,0.627669565,0.452194815,weak,upward
2025/4/30,2,002475.SZ,立讯精密,10165620000,84651,27.80125357,0.276096386,0.481313043,0.577612719,moderate,upward
2025/4/30,3,300308.SZ,中际旭创,17358865000,80292.5,25.914043,0.50181759,0.7722,0.335587192,weak,upward
2025/4/30,4,002241.SZ,歌尔股份,3458498100,114387.5,13.67106223,0.096092907,0.266578261,0.512834849,moderate,upward
2025/4/30,5,002460.SZ,赣锋锂业,6265262200,113556.5,11.79098684,0.185200014,0.192547826,0.612366656,weak,upward
2025/4/30,6,600580.SH,卧龙电驱,4808848000,75127.5,8.576165183,0.092850828,0.214173913,0.400429962,weak,upward
2025/4/30,7,002050.SZ,三花智控,10307481500,317796,7.069532746,0.557302744,0.189052174,0.373946123,weak,upward
2025/4/30,8,000063.SZ,中兴通讯,16078399000,179199,6.562248115,0.578080134,0.139834783,0.469285824,weak,upward
2025/4/30,9,000969.SZ,安泰科技,5138780300,144956,6.348242811,0.186300572,0.100947826,0.628863746,weak,upward
2025/4/30,10,300059.SZ,东方财富,7789936000,54133.5,4.798205461,0.163627818,0.105395652,0.455256489,weak,upward
2025/5/6,1,002475.SZ,立讯精密,10165620000,84651,7.210382845,0.276096386,0.259246753,0.278128183,very_weak,upward
2025/5/6,2,002460.SZ,赣锋锂业,6265262200,113556.5,4.725032588,0.185200014,0.127324675,0.371101091,weak,upward
2025/5/6,3,300274.SZ,阳光电源,18269279000,132523.5,3.933149633,0.593018565,0.299415584,0.131360886,very_weak,upward
2025/5/6,4,000969.SZ,安泰科技,5138780300,144956,3.453018078,0.186300572,0.080363636,0.429674195,very_weak,sideways
2025/5/6,5,002241.SZ,歌尔股份,3458498100,114387.5,2.154556954,0.096092907,0.121896104,0.176753554,very_weak,upward
2025/5/6,6,000063.SZ,中兴通讯,16078399000,179199,1.891389595,0.578080134,0.090051948,0.210033168,very_weak,sideways
2025/5/6,7,300308.SZ,中际旭创,17358865000,80292.5,1.083175609,0.50181759,0.247519481,0.043761227,very_weak,upward
2025/5/6,8,300059.SZ,东方财富,7789936000,54133.5,0.563947413,0.163627818,0.04438961,0.127044912,very_weak,sideways
2025/5/6,9,000981.SZ,山子高科,5838780500,218956.5,0.560839895,0.296579523,0.011623377,0.4825103,very_weak,sideways
2025/5/6,10,601012.SH,隆基绿能,6805387300,66505,0.539044063,0.146705367,0.030246753,0.178215512,very_weak,sideways
2025/5/7,1,002460.SZ,赣锋锂业,6265262200,113556.5,2.096040493,0.185200014,0.086571429,0.242116889,very_weak,sideways
2025/5/7,2,002475.SZ,立讯精密,10165620000,84651,1.756628483,0.276096386,0.134766234,0.130346336,very_weak,upward
2025/5/7,3,000969.SZ,安泰科技,5138780300,144956,1.185822793,0.186300572,0.051233766,0.231453372,very_weak,sideways
2025/5/7,4,000063.SZ,中兴通讯,16078399000,179199,0.353394857,0.578080134,0.048324675,0.073129277,very_weak,sideways
2025/5/7,5,000981.SZ,山子高科,5838780500,218956.5,0.167958722,0.296579523,0.007012987,0.239496696,very_weak,sideways
2025/5/7,6,002241.SZ,歌尔股份,3458498100,114387.5,0.162534911,0.096092907,0.044766234,0.036307479,very_weak,sideways
2025/5/7,7,300274.SZ,阳光电源,18269279000,132523.5,0.111317781,0.593018565,0.080584416,0.01381381,very_weak,sideways
2025/5/7,8,601012.SH,隆基绿能,6805387300,66505,0.074623109,0.146705367,0.013844156,0.053902246,very_weak,sideways
2025/5/7,9,300059.SZ,东方财富,7789936000,54133.5,0.052837789,0.163627818,0.018792208,0.028116861,very_weak,sideways
2025/5/7,10,600089.SH,特变电工,5332485200,69414,0.047271547,0.102879135,0.007675325,0.061588987,very_weak,sideways
2025/5/8,1,002460.SZ,赣锋锂业,6265262200,113556.5,0.479991508,0.185200014,0.043714286,0.109801979,very_weak,sideways
2025/5/8,2,000969.SZ,安泰科技,5138780300,144956,0.086458778,0.186300572,0.017974026,0.048102066,very_weak,sideways
2025/5/8,3,600111.SH,北方稀土,9380893000,116513.5,0.082691905,0.288716198,0.022220779,0.037213774,very_weak,sideways
2025/5/8,4,000981.SZ,山子高科,5838780500,218956.5,0.01594611,0.296579523,0.002883117,0.055308579,very_weak,sideways
2025/5/8,5,002475.SZ,立讯精密,10165620000,84651,0.011879681,0.276096386,0.018415584,0.006450885,very_weak,sideways
2025/5/8,6,600089.SH,特变电工,5332485200,69414,1.06E-06,0.102879135,0.000194805,5.42E-05,very_weak,sideways
2025/5/8,7,000063.SZ,中兴通讯,16078399000,179199,-0.000148642,0.578080134,-0.003116883,0.000476892,very_weak,sideways
2025/5/8,8,601012.SH,隆基绿能,6805387300,66505,-0.00226388,0.146705367,-0.003636364,0.006225671,very_weak,sideways
2025/5/8,9,300059.SZ,东方财富,7789936000,54133.5,-0.040176663,0.163627818,-0.015181818,0.02646367,very_weak,sideways
2025/5/8,10,601212.SH,白银有色,4249199000,396949,-0.061440009,0.456764341,-0.004818182,0.127517,very_weak,sideways
2025/5/9,1,600111.SH,北方稀土,9380893000,116513.5,0.211185537,0.288716198,0.029623377,0.071290164,very_weak,sideways
2025/5/9,2,002460.SZ,赣锋锂业,6265262200,113556.5,-0.002137362,0.185200014,-0.004701299,0.004546322,very_weak,sideways
2025/5/9,3,688981.SH,中芯国际,10097285500,59884,-0.025235908,0.24451411,-0.031337662,0.008052901,very_weak,sideways
2025/5/9,4,000981.SZ,山子高科,5838780500,218956.5,-0.028091332,0.296579523,-0.003753247,0.074845418,very_weak,sideways
2025/5/9,5,600089.SH,特变电工,5332485200,69414,-0.113722235,0.102879135,-0.007883117,0.144260496,very_weak,sideways
2025/5/9,6,000969.SZ,安泰科技,5138780300,144956,-0.171068243,0.186300572,-0.017714286,0.096570783,very_weak,sideways
2025/5/9,7,600010.SH,包钢股份,6212598200,63568.5,-0.196147177,0.124193182,-0.004311688,0.454919657,very_weak,sideways
2025/5/9,8,601212.SH,白银有色,4249199000,396949,-0.317264407,0.456764341,-0.007818182,0.405803311,very_weak,sideways
2025/5/9,9,601012.SH,隆基绿能,6805387300,66505,-0.781711838,0.146705367,-0.021584416,0.362164931,very_weak,sideways
2025/5/9,10,002475.SZ,立讯精密,10165620000,84651,-1.019921701,0.276096386,-0.067805195,0.150419404,very_weak,sideways
2025/5/12,1,600111.SH,北方稀土,9380893000,116513.5,0.070237639,0.288716198,0.019757199,0.035550403,very_weak,sideways
2025/5/12,2,688981.SH,中芯国际,10097285500,59884,0.005602279,0.24451411,0.019000565,0.00294848,very_weak,sideways
2025/5/12,3,002460.SZ,赣锋锂业,6265262200,113556.5,-0.005340169,0.185200014,-0.006103896,0.008748788,very_weak,sideways
2025/5/12,4,000981.SZ,山子高科,5838780500,218956.5,-0.076234713,0.296579523,-0.005302089,0.143782403,very_weak,sideways
2025/5/12,5,600089.SH,特变电工,5332485200,69414,-0.104391609,0.102879135,-0.007323546,0.142542436,very_weak,sideways
2025/5/12,6,600010.SH,包钢股份,6212598200,63568.5,-0.193808763,0.124193182,-0.004144551,0.467623052,very_weak,sideways
2025/5/12,7,601212.SH,白银有色,4249199000,396949,-0.299191078,0.456764341,-0.007363072,0.40634003,very_weak,sideways
2025/5/12,8,000969.SZ,安泰科技,5138780300,144956,-0.302460473,0.186300572,-0.021010728,0.143955254,very_weak,sideways
2025/5/12,9,601012.SH,隆基绿能,6805387300,66505,-0.675222739,0.146705367,-0.019655562,0.34352757,very_weak,sideways
2025/5/12,10,002475.SZ,立讯精密,10165620000,84651,-1.407613626,0.276096386,-0.073489554,0.19153928,very_weak,sideways
2025/5/13,1,688981.SH,中芯国际,10097285500,59884,2.188303059,0.24451411,0.129457933,0.169035841,very_weak,upward
2025/5/13,2,600111.SH,北方稀土,9380893000,116513.5,0.188971602,0.288716198,0.026527386,0.071236421,very_weak,sideways
2025/5/13,3,600089.SH,特变电工,5332485200,69414,-0.023725434,0.102879135,-0.003320158,0.071458747,very_weak,sideways
2025/5/13,4,002460.SZ,赣锋锂业,6265262200,113556.5,-0.082715154,0.185200014,-0.016510446,0.050098679,very_weak,sideways
2025/5/13,5,600010.SH,包钢股份,6212598200,63568.5,-0.138533647,0.124193182,-0.00310559,0.446078345,very_weak,sideways
2025/5/13,6,000981.SZ,山子高科,5838780500,218956.5,-0.184543016,0.296579523,-0.007538114,0.244813245,very_weak,sideways
2025/5/13,7,601212.SH,白银有色,4249199000,396949,-0.223024612,0.456764341,-0.006403162,0.34830387,very_weak,sideways
2025/5/13,8,601012.SH,隆基绿能,6805387300,66505,-0.600772653,0.146705367,-0.017391304,0.345444275,very_weak,sideways
2025/5/13,9,000969.SZ,安泰科技,5138780300,144956,-1.269313851,0.186300572,-0.034285714,0.37021654,very_weak,sideways
2025/5/13,10,601288.SH,农业银行,4575465300,91258.5,-1.303018962,0.10450082,-0.020734049,0.628444058,very_weak,sideways
2025/5/14,1,688981.SH,中芯国际,10097285500,59884,14.5347343,0.24451411,0.239034444,0.608060247,moderate,upward
2025/5/14,2,600111.SH,北方稀土,9380893000,116513.5,0.157436509,0.288716198,0.024985884,0.063010183,very_weak,sideways
2025/5/14,3,002460.SZ,赣锋锂业,6265262200,113556.5,-0.082647705,0.185200014,-0.0165048,0.050074952,very_weak,sideways
2025/5/14,4,600010.SH,包钢股份,6212598200,63568.5,-0.096876025,0.124193182,-0.002546584,0.380415612,very_weak,sideways
2025/5/14,5,600089.SH,特变电工,5332485200,69414,-0.107024469,0.102879135,-0.006691135,0.159949649,very_weak,sideways
2025/5/14,6,601212.SH,白银有色,4249199000,396949,-0.126150511,0.456764341,-0.00486166,0.259480319,very_weak,sideways
2025/5/14,7,000981.SZ,山子高科,5838780500,218956.5,-0.190994516,0.296579523,-0.007656691,0.249447853,very_weak,sideways
2025/5/14,8,601899.SH,紫金矿业,9293026100,186481.5,-0.643273255,0.368920707,-0.035127047,0.183127622,very_weak,sideways
2025/5/14,9,601012.SH,隆基绿能,6805387300,66505,-0.748040652,0.146705367,-0.021022021,0.355836689,very_weak,sideways
2025/5/14,10,002156.SZ,通富微电,6874061400,117692,-1.034147484,0.20964885,-0.047950311,0.215670654,very_weak,sideways
2025/5/15,1,688981.SH,中芯国际,10097285500,59884,19.43230206,0.24451411,0.275522304,0.705289619,moderate,upward
2025/5/15,2,600111.SH,北方稀土,9380893000,116513.5,0.000241395,0.288716198,0.00269904,0.000894375,very_weak,sideways
2025/5/15,3,601212.SH,白银有色,4249199000,396949,-0.063609728,0.456764341,-0.003472614,0.18317533,very_weak,sideways
2025/5/15,4,600010.SH,包钢股份,6212598200,63568.5,-0.095007783,0.124193182,-0.002523998,0.376417862,very_weak,sideways
2025/5/15,5,601899.SH,紫金矿业,9293026100,186481.5,-0.124996638,0.368920707,-0.016041784,0.077919411,very_weak,sideways
2025/5/15,6,002460.SZ,赣锋锂业,6265262200,113556.5,-0.203909666,0.185200014,-0.024285714,0.083962804,very_weak,sideways
2025/5/15,7,000981.SZ,山子高科,5838780500,218956.5,-0.25679048,0.296579523,-0.008639187,0.297239176,very_weak,sideways
2025/5/15,8,002156.SZ,通富微电,6874061400,117692,-0.293205744,0.20964885,-0.025465839,0.11513689,very_weak,sideways
2025/5/15,9,600089.SH,特变电工,5332485200,69414,-0.322528596,0.102879135,-0.011005082,0.293072418,very_weak,sideways
2025/5/15,10,601012.SH,隆基绿能,6805387300,66505,-0.992573378,0.146705367,-0.024680971,0.402161394,very_weak,sideways
2025/5/16,1,688981.SH,中芯国际,10097285500,59884,24.06243531,0.24451411,0.316804065,0.759536822,moderate,upward
2025/5/16,2,002156.SZ,通富微电,6874061400,117692,5.61E-05,0.20964885,0.001168831,0.000479698,very_weak,sideways
2025/5/16,3,601899.SH,紫金矿业,9293026100,186481.5,-1.15E-05,0.368920707,-0.000638058,0.000179634,very_weak,sideways
2025/5/16,4,601212.SH,白银有色,4249199000,396949,-0.022016331,0.456764341,-0.002281197,0.096512183,very_weak,sideways
2025/5/16,5,600111.SH,北方稀土,9380893000,116513.5,-0.086996892,0.288716198,-0.018752117,0.046393103,very_weak,sideways
2025/5/16,6,600010.SH,包钢股份,6212598200,63568.5,-0.098495894,0.124193182,-0.002563523,0.384220769,very_weak,sideways
2025/5/16,7,002460.SZ,赣锋锂业,6265262200,113556.5,-0.373126127,0.185200014,-0.029971767,0.124492534,very_weak,sideways
2025/5/16,8,000981.SZ,山子高科,5838780500,218956.5,-0.421369501,0.296579523,-0.010756635,0.391729861,very_weak,sideways
2025/5/16,9,600089.SH,特变电工,5332485200,69414,-0.62376819,0.102879135,-0.014280068,0.436810385,very_weak,sideways
2025/5/16,10,601288.SH,农业银行,4575465300,91258.5,-0.972113186,0.10450082,-0.016657256,0.583597441,very_weak,sideways
2025/5/19,1,688981.SH,中芯国际,10097285500,59884,24.55267021,0.24451411,0.322066629,0.762347539,moderate,upward
2025/5/19,2,601899.SH,紫金矿业,9293026100,186481.5,0.071838372,0.368920707,0.011236589,0.063932541,very_weak,sideways
2025/5/19,3,002156.SZ,通富微电,6874061400,117692,2.32E-06,0.20964885,0.000400903,5.79E-05,very_weak,sideways
2025/5/19,4,601212.SH,白银有色,4249199000,396949,-0.005346108,0.456764341,-0.001343874,0.039781331,very_weak,sideways
2025/5/19,5,600010.SH,包钢股份,6212598200,63568.5,-0.112040228,0.124193182,-0.002687747,0.416855553,very_weak,sideways
2025/5/19,6,002460.SZ,赣锋锂业,6265262200,113556.5,-0.472606049,0.185200014,-0.032490119,0.145461472,very_weak,sideways
2025/5/19,7,600111.SH,北方稀土,9380893000,116513.5,-0.490037615,0.288716198,-0.032444946,0.151036654,very_weak,sideways
2025/5/19,8,000981.SZ,山子高科,5838780500,218956.5,-0.685938691,0.296579523,-0.01391869,0.492818427,very_weak,sideways
2025/5/19,9,601288.SH,农业银行,4575465300,91258.5,-0.746697683,0.10450082,-0.013913043,0.536688959,very_weak,sideways
2025/5/19,10,600089.SH,特变电工,5332485200,69414,-0.799075628,0.102879135,-0.016137775,0.49515848,very_weak,sideways
2025/5/20,1,688981.SH,中芯国际,10097285500,59884,25.01334217,0.24451411,0.32608131,0.76708911,moderate,upward
2025/5/20,2,601899.SH,紫金矿业,9293026100,186481.5,0.242902753,0.368920707,0.017182383,0.141367327,very_weak,sideways
2025/5/20,3,002156.SZ,通富微电,6874061400,117692,0.029290312,0.20964885,0.010948617,0.026752523,very_weak,sideways
2025/5/20,4,601212.SH,白银有色,4249199000,396949,-0.013739143,0.456764341,-0.001840768,0.074638103,very_weak,sideways
2025/5/20,5,600010.SH,包钢股份,6212598200,63568.5,-0.096146192,0.124193182,-0.002540937,0.378388681,very_weak,sideways
2025/5/20,6,601288.SH,农业银行,4575465300,91258.5,-0.507757285,0.10450082,-0.01094297,0.464003175,very_weak,sideways
2025/5/20,7,600111.SH,北方稀土,9380893000,116513.5,-0.73466435,0.288716198,-0.036702428,0.200167779,very_weak,sideways
2025/5/20,8,002460.SZ,赣锋锂业,6265262200,113556.5,-0.834058779,0.185200014,-0.038932806,0.214230326,very_weak,sideways
2025/5/20,9,600089.SH,特变电工,5332485200,69414,-0.897065709,0.102879135,-0.017188029,0.521913065,very_weak,sideways
2025/5/20,10,601012.SH,隆基绿能,6805387300,66505,-1.071110561,0.146705367,-0.025200452,0.425036254,very_weak,sideways
2025/5/21,1,688981.SH,中芯国际,10097285500,59884,27.44441764,0.24451411,0.342755505,0.800699543,moderate,upward
2025/5/21,2,601899.SH,紫金矿业,9293026100,186481.5,0.500268332,0.368920707,0.022156973,0.225783694,very_weak,sideways
2025/5/21,3,002156.SZ,通富微电,6874061400,117692,0.16914083,0.20964885,0.021259176,0.079561331,very_weak,sideways
2025/5/21,4,688256.SH,寒武纪,10607162100,475501,0.003189823,0.754056816,0.061665726,0.000517276,very_weak,sideways
2025/5/21,5,601212.SH,白银有色,4249199000,396949,-0.013047527,0.456764341,-0.001806889,0.072209905,very_weak,sideways
2025/5/21,6,600010.SH,包钢股份,6212598200,63568.5,-0.060752398,0.124193182,-0.002111801,0.287680474,very_weak,sideways
2025/5/21,7,601288.SH,农业银行,4575465300,91258.5,-0.363279657,0.10450082,-0.009220779,0.393979347,very_weak,sideways
2025/5/21,8,600111.SH,北方稀土,9380893000,116513.5,-0.800040031,0.288716198,-0.037718803,0.212106421,very_weak,sideways
2025/5/21,9,601012.SH,隆基绿能,6805387300,66505,-0.816244393,0.146705367,-0.022535291,0.362207171,very_weak,sideways
2025/5/21,10,600089.SH,特变电工,5332485200,69414,-0.84655663,0.102879135,-0.016629023,0.5090838,very_weak,sideways
2025/5/22,1,688981.SH,中芯国际,10097285500,59884,27.57379522,0.24451411,0.343980802,0.801608551,moderate,upward
2025/5/22,2,688256.SH,寒武纪,10607162100,475501,10.57291563,0.754056816,0.853314512,0.123904088,very_weak,upward
2025/5/22,3,002156.SZ,通富微电,6874061400,117692,0.501756704,0.20964885,0.033229814,0.150995943,very_weak,sideways
2025/5/22,4,601899.SH,紫金矿业,9293026100,186481.5,0.089761357,0.368920707,0.013534726,0.0663193,very_weak,sideways
2025/5/22,5,601212.SH,白银有色,4249199000,396949,-0.015234904,0.456764341,-0.001919819,0.079355926,very_weak,sideways
2025/5/22,6,600010.SH,包钢股份,6212598200,63568.5,-0.030573553,0.124193182,-0.001648786,0.185430694,very_weak,sideways
2025/5/22,7,002402.SZ,和而泰,4565948500,152925.5,-0.248134069,0.177370186,-0.031242236,0.079422635,very_weak,sideways
2025/5/22,8,601288.SH,农业银行,4575465300,91258.5,-0.282467741,0.10450082,-0.008221344,0.34357855,very_weak,sideways
2025/5/22,9,000063.SZ,中兴通讯,16078399000,179199,-0.480370733,0.578080134,-0.033139469,0.144954263,very_weak,sideways
2025/5/22,10,601012.SH,隆基绿能,6805387300,66505,-0.856072534,0.146705367,-0.022924901,0.373424743,very_weak,sideways
2025/5/23,1,688256.SH,寒武纪,10607162100,475501,35.43694542,0.754056816,1.322778091,0.267897886,very_weak,upward
2025/5/23,2,688981.SH,中芯国际,10097285500,59884,27.35977352,0.24451411,0.341931112,0.800154549,moderate,upward
2025/5/23,3,002156.SZ,通富微电,6874061400,117692,1.227860954,0.20964885,0.048831169,0.251450249,very_weak,sideways
2025/5/23,4,601899.SH,紫金矿业,9293026100,186481.5,0.001415387,0.368920707,0.003653303,0.003874268,very_weak,sideways
2025/5/23,5,002402.SZ,和而泰,4565948500,152925.5,-0.003952363,0.177370186,-0.007673631,0.005150578,very_weak,sideways
2025/5/23,6,600010.SH,包钢股份,6212598200,63568.5,-0.007745367,0.124193182,-0.001055901,0.073353177,very_weak,sideways
2025/5/23,7,601212.SH,白银有色,4249199000,396949,-0.008488068,0.456764341,-0.001552795,0.054663156,very_weak,sideways
2025/5/23,8,000063.SZ,中兴通讯,16078399000,179199,-0.048889107,0.578080134,-0.014872953,0.03287115,very_weak,sideways
2025/5/23,9,300476.SZ,胜宏科技,8983982100,54515,-0.106089466,0.202407712,-0.050694523,0.020927205,very_weak,sideways
2025/5/23,10,601288.SH,农业银行,4575465300,91258.5,-0.222823315,0.10450082,-0.007340486,0.303553916,very_weak,sideways
2025/5/26,1,688256.SH,寒武纪,10607162100,475501,97.65869324,0.754056816,1.908085827,0.511814992,moderate,upward
2025/5/26,2,688981.SH,中芯国际,10097285500,59884,27.90088123,0.24451411,0.347492942,0.802919365,moderate,upward
2025/5/26,3,002156.SZ,通富微电,6874061400,117692,2.760274788,0.20964885,0.071372106,0.386744197,very_weak,sideways
2025/5/26,4,002402.SZ,和而泰,4565948500,152925.5,0.018135765,0.177370186,0.013032185,0.013916135,very_weak,sideways
2025/5/26,5,600010.SH,包钢股份,6212598200,63568.5,-7.22E-05,0.124193182,-0.000225861,0.003197519,very_weak,sideways
2025/5/26,6,601899.SH,紫金矿业,9293026100,186481.5,-0.000600771,0.368920707,-0.002891022,0.002078056,very_weak,sideways
2025/5/26,7,601212.SH,白银有色,4249199000,396949,-0.001028171,0.456764341,-0.000750988,0.013690912,very_weak,sideways
2025/5/26,8,000063.SZ,中兴通讯,16078399000,179199,-0.002389715,0.578080134,-0.005697346,0.004194435,very_weak,sideways
2025/5/26,9,300476.SZ,胜宏科技,8983982100,54515,-0.029578771,0.202407712,-0.033450028,0.008842674,very_weak,sideways
2025/5/26,10,601288.SH,农业银行,4575465300,91258.5,-0.133065073,0.10450082,-0.006007905,0.221483312,very_weak,sideways
2025/5/27,1,688256.SH,寒武纪,10607162100,475501,133.2089842,0.754056816,2.240508187,0.59454808,moderate,upward
2025/5/27,2,688981.SH,中芯国际,10097285500,59884,27.07324958,0.24451411,0.341140599,0.793609723,moderate,upward
2025/5/27,3,002156.SZ,通富微电,6874061400,117692,3.877296429,0.20964885,0.083608131,0.463746335,very_weak,sideways
2025/5/27,4,002402.SZ,和而泰,4565948500,152925.5,0.125957064,0.177370186,0.024974591,0.050434086,very_weak,sideways
2025/5/27,5,600010.SH,包钢股份,6212598200,63568.5,4.80E-05,0.124193182,0.000203275,0.002359229,very_weak,sideways
2025/5/27,6,000063.SZ,中兴通讯,16078399000,179199,4.71E-06,0.578080134,0.000728402,6.47E-05,very_weak,sideways
2025/5/27,7,601288.SH,农业银行,4575465300,91258.5,-0.030124644,0.10450082,-0.003416149,0.08818305,very_weak,sideways
2025/5/27,8,601212.SH,白银有色,4249199000,396949,-0.034024688,0.456764341,-0.002411067,0.141118786,very_weak,sideways
2025/5/27,9,000021.SZ,深科技,5681892700,115891.5,-0.038193768,0.169245414,-0.011434218,0.033403044,very_weak,sideways
2025/5/27,10,600111.SH,北方稀土,9380893000,116513.5,-0.108580747,0.288716198,-0.019802372,0.054832193,very_weak,sideways
2025/5/28,1,688256.SH,寒武纪,10607162100,475501,188.9530338,0.754056816,2.962236025,0.637872986,moderate,upward
2025/5/28,2,688981.SH,中芯国际,10097285500,59884,27.66836886,0.24451411,0.346047431,0.799554234,moderate,upward
2025/5/28,3,002156.SZ,通富微电,6874061400,117692,5.347975134,0.20964885,0.098441558,0.543263965,very_weak,sideways
2025/5/28,4,002402.SZ,和而泰,4565948500,152925.5,0.259835549,0.177370186,0.032010164,0.081172827,very_weak,sideways
2025/5/28,5,000063.SZ,中兴通讯,16078399000,179199,0.069528447,0.578080134,0.018706945,0.037167183,very_weak,sideways
2025/5/28,6,600010.SH,包钢股份,6212598200,63568.5,0.001949527,0.124193182,0.000717109,0.027185922,very_weak,sideways
2025/5/28,7,600580.SH,卧龙电驱,4808848000,75127.5,0.000505583,0.092850828,0.004918125,0.001028,very_weak,sideways
2025/5/28,8,000021.SZ,深科技,5681892700,115891.5,0.000132277,0.169245414,0.001733484,0.00076307,very_weak,sideways
2025/5/28,9,600111.SH,北方稀土,9380893000,116513.5,-0.001795681,0.288716198,-0.005019763,0.003577223,very_weak,sideways
2025/5/28,10,601012.SH,隆基绿能,6805387300,66505,-0.003893865,0.146705367,-0.004037267,0.009644804,very_weak,sideways
2025/5/29,1,688256.SH,寒武纪,10607162100,475501,277.5432222,0.754056816,3.766945229,0.736785924,strong,upward
2025/5/29,2,688981.SH,中芯国际,10097285500,59884,28.51058552,0.24451411,0.353997741,0.80538891,moderate,upward
2025/5/29,3,002156.SZ,通富微电,6874061400,117692,6.600713154,0.20964885,0.111055901,0.594359518,weak,upward
2025/5/29,4,002402.SZ,和而泰,4565948500,152925.5,0.361145997,0.177370186,0.035719932,0.101104894,very_weak,sideways
2025/5/29,5,000063.SZ,中兴通讯,16078399000,179199,0.29657191,0.578080134,0.031671372,0.093640373,very_weak,sideways
2025/5/29,6,600580.SH,卧龙电驱,4808848000,75127.5,0.194078167,0.092850828,0.03704122,0.052395188,very_weak,sideways
2025/5/29,7,000021.SZ,深科技,5681892700,115891.5,0.053275536,0.169245414,0.013195935,0.040372689,very_weak,sideways
2025/5/29,8,600010.SH,包钢股份,6212598200,63568.5,0.014449995,0.124193182,0.001445511,0.099964612,very_weak,sideways
2025/5/29,9,601012.SH,隆基绿能,6805387300,66505,0.009317338,0.146705367,0.005883682,0.015835899,very_weak,sideways
2025/5/29,10,600111.SH,北方稀土,9380893000,116513.5,0.006558288,0.288716198,0.007927724,0.008272598,very_weak,sideways
2025/5/30,1,688256.SH,寒武纪,10607162100,475501,352.9770022,0.754056816,4.364539808,0.808738189,strong,upward
2025/5/30,2,688981.SH,中芯国际,10097285500,59884,27.70456187,0.24451411,0.348486731,0.794996177,moderate,upward
2025/5/30,3,002156.SZ,通富微电,6874061400,117692,8.2614969,0.20964885,0.122128741,0.676458043,weak,upward
2025/5/30,4,600580.SH,卧龙电驱,4808848000,75127.5,1.211076667,0.092850828,0.068565782,0.176629892,very_weak,sideways
2025/5/30,5,000063.SZ,中兴通讯,16078399000,179199,0.776030734,0.578080134,0.043732355,0.177450023,very_weak,sideways
2025/5/30,6,002402.SZ,和而泰,4565948500,152925.5,0.548293334,0.177370186,0.040875212,0.134138347,very_weak,sideways
2025/5/30,7,000021.SZ,深科技,5681892700,115891.5,0.263175694,0.169245414,0.021936759,0.119970181,very_weak,sideways
2025/5/30,8,600111.SH,北方稀土,9380893000,116513.5,0.176803346,0.288716198,0.023280632,0.075944392,very_weak,sideways
2025/5/30,9,601012.SH,隆基绿能,6805387300,66505,0.15940439,0.146705367,0.015516657,0.102731141,very_weak,sideways
2025/5/30,10,600010.SH,包钢股份,6212598200,63568.5,0.046215911,0.124193182,0.002151327,0.214825141,very_weak,sideways
2025/6/3,1,688256.SH,寒武纪,10607162100,475501,454.53443,0.754056816,5.187701299,0.87617695,strong,upward
2025/6/3,2,688981.SH,中芯国际,10097285500,59884,30.98159719,0.24451411,0.378519481,0.818494127,moderate,upward
2025/6/3,3,002156.SZ,通富微电,6874061400,117692,12.29687943,0.20964885,0.150636364,0.816328749,weak,upward
2025/6/3,4,600580.SH,卧龙电驱,4808848000,75127.5,8.456445086,0.092850828,0.138675325,0.609801715,weak,upward
2025/6/3,5,000063.SZ,中兴通讯,16078399000,179199,3.703290369,0.578080134,0.077922078,0.475255597,very_weak,sideways
2025/6/3,6,000021.SZ,深科技,5681892700,115891.5,2.255973036,0.169245414,0.046675325,0.483333121,very_weak,sideways
2025/6/3,7,002402.SZ,和而泰,4565948500,152925.5,1.999583789,0.177370186,0.065558442,0.305007828,very_weak,sideways
2025/6/3,8,600111.SH,北方稀土,9380893000,116513.5,1.501696503,0.288716198,0.048961039,0.306712548,very_weak,sideways
2025/6/3,9,300274.SZ,阳光电源,18269279000,132523.5,1.281732583,0.593018565,0.121116883,0.105826087,very_weak,upward
2025/6/3,10,002050.SZ,三花智控,10307481500,317796,1.148849061,0.557302744,0.047597403,0.241368015,very_weak,sideways
2025/6/4,1,688256.SH,寒武纪,10607162100,475501,504.0717385,0.754056816,5.61938961,0.897022227,strong,upward
2025/6/4,2,688981.SH,中芯国际,10097285500,59884,31.57200644,0.24451411,0.382376623,0.825678258,moderate,upward
2025/6/4,3,600580.SH,卧龙电驱,4808848000,75127.5,15.37659325,0.092850828,0.175350649,0.876905407,weak,upward
2025/6/4,4,002156.SZ,通富微电,6874061400,117692,14.52996744,0.20964885,0.164350649,0.884083361,weak,upward
2025/6/4,5,000158.SZ,常山北明,6650930300,158521,8.004049401,0.250934862,0.147909091,0.541146548,weak,upward
2025/6/4,6,000063.SZ,中兴通讯,16078399000,179199,7.000191638,0.578080134,0.098,0.714305269,very_weak,sideways
2025/6/4,7,000021.SZ,深科技,5681892700,115891.5,4.566795678,0.169245414,0.060688312,0.752500037,very_weak,sideways
2025/6/4,8,002402.SZ,和而泰,4565948500,152925.5,4.152681531,0.177370186,0.083779221,0.495669629,very_weak,sideways
2025/6/4,9,300274.SZ,阳光电源,18269279000,132523.5,4.057278695,0.593018565,0.180454545,0.224836603,very_weak,upward
2025/6/4,10,002050.SZ,三花智控,10307481500,317796,3.462617732,0.557302744,0.070194805,0.493286892,very_weak,sideways
2025/6/5,1,688256.SH,寒武纪,10607162100,475501,526.2929549,0.754056816,5.778168831,0.910830006,strong,upward
2025/6/5,2,688981.SH,中芯国际,10097285500,59884,27.63149397,0.24451411,0.354831169,0.778722288,moderate,upward
2025/6/5,3,600580.SH,卧龙电驱,4808848000,75127.5,16.66541154,0.092850828,0.182987013,0.910742859,weak,upward
2025/6/5,4,000158.SZ,常山北明,6650930300,158521,15.51644871,0.250934862,0.186701299,0.831084134,weak,upward
2025/6/5,5,002156.SZ,通富微电,6874061400,117692,15.24363853,0.20964885,0.168506494,0.904632113,weak,upward
2025/6/5,6,300274.SZ,阳光电源,18269279000,132523.5,9.484486119,0.593018565,0.238363636,0.397899875,weak,upward
2025/6/5,7,000063.SZ,中兴通讯,16078399000,179199,8.310405635,0.578080134,0.104272727,0.796987463,weak,upward
2025/6/5,8,002475.SZ,立讯精密,10165620000,84651,6.365460291,0.276096386,0.127090909,0.500858821,weak,upward
2025/6/5,9,000021.SZ,深科技,5681892700,115891.5,5.792854824,0.169245414,0.066857143,0.866452645,very_weak,sideways
2025/6/5,10,002402.SZ,和而泰,4565948500,152925.5,4.926424525,0.177370186,0.089688312,0.549282781,very_weak,sideways
2025/6/6,1,688256.SH,寒武纪,10607162100,475501,493.3419645,0.754056816,5.489599097,0.898684869,strong,upward
2025/6/6,2,688981.SH,中芯国际,10097285500,59884,22.25343034,0.24451411,0.315369848,0.705629613,moderate,upward
2025/6/6,3,600580.SH,卧龙电驱,4808848000,75127.5,15.00224211,0.092850828,0.170316206,0.880846427,weak,upward
2025/6/6,4,002156.SZ,通富微电,6874061400,117692,13.33339712,0.20964885,0.154793902,0.861364496,weak,upward
2025/6/6,5,000158.SZ,常山北明,6650930300,158521,13.19774584,0.250934862,0.169435347,0.77892518,weak,upward
2025/6/6,6,300274.SZ,阳光电源,18269279000,132523.5,9.096800948,0.593018565,0.225974026,0.402559582,weak,upward
2025/6/6,7,000063.SZ,中兴通讯,16078399000,179199,5.775304249,0.578080134,0.088266516,0.654302957,very_weak,sideways
2025/6/6,8,002475.SZ,立讯精密,10165620000,84651,5.225461822,0.276096386,0.113687182,0.459635089,weak,upward
2025/6/6,9,000021.SZ,深科技,5681892700,115891.5,4.819555878,0.169245414,0.060158103,0.80114825,very_weak,sideways
2025/6/6,10,002402.SZ,和而泰,4565948500,152925.5,4.460628998,0.177370186,0.083280632,0.535614208,very_weak,sideways
2025/6/9,1,688256.SH,寒武纪,10607162100,475501,477.9979332,0.754056816,5.317539526,0.898908096,strong,upward
2025/6/9,2,688981.SH,中芯国际,10097285500,59884,17.79288084,0.24451411,0.28006917,0.635303087,moderate,upward
2025/6/9,3,600580.SH,卧龙电驱,4808848000,75127.5,14.21499732,0.092850828,0.162737154,0.873494279,weak,upward
2025/6/9,4,000158.SZ,常山北明,6650930300,158521,12.31577119,0.250934862,0.160217391,0.768691282,weak,upward
2025/6/9,5,002156.SZ,通富微电,6874061400,117692,11.93599614,0.20964885,0.143764822,0.83024456,weak,upward
2025/6/9,6,300274.SZ,阳光电源,18269279000,132523.5,9.258379229,0.593018565,0.219960474,0.420911041,weak,upward
2025/6/9,7,002475.SZ,立讯精密,10165620000,84651,4.730968102,0.276096386,0.10562253,0.447912781,weak,upward
2025/6/9,8,002402.SZ,和而泰,4565948500,152925.5,4.159329838,0.177370186,0.078369565,0.530732795,very_weak,sideways
2025/6/9,9,000021.SZ,深科技,5681892700,115891.5,3.984975994,0.169245414,0.054081028,0.736852861,very_weak,sideways
2025/6/9,10,000063.SZ,中兴通讯,16078399000,179199,3.846566203,0.578080134,0.073932806,0.520278668,very_weak,sideways
2025/6/10,1,688256.SH,寒武纪,10607162100,475501,454.8330751,0.754056816,5.099078261,0.891990771,strong,upward
2025/6/10,2,688981.SH,中芯国际,10097285500,59884,14.59447082,0.24451411,0.251386957,0.580557998,moderate,upward
2025/6/10,3,600580.SH,卧龙电驱,4808848000,75127.5,13.30563559,0.092850828,0.154573913,0.860794381,weak,upward
2025/6/10,4,000158.SZ,常山北明,6650930300,158521,11.34601895,0.250934862,0.150717391,0.752800911,weak,upward
2025/6/10,5,002156.SZ,通富微电,6874061400,117692,10.5201976,0.20964885,0.132734783,0.792572783,weak,upward
2025/6/10,6,300274.SZ,阳光电源,18269279000,132523.5,6.910260134,0.593018565,0.191230435,0.361357759,weak,upward
2025/6/10,7,002402.SZ,和而泰,4565948500,152925.5,3.598127844,0.177370186,0.071704348,0.501800512,very_weak,sideways
2025/6/10,8,002475.SZ,立讯精密,10165620000,84651,3.581871325,0.276096386,0.092256522,0.388251287,very_weak,sideways
2025/6/10,9,000021.SZ,深科技,5681892700,115891.5,3.176542767,0.169245414,0.04806087,0.660941593,very_weak,sideways
2025/6/10,10,600745.SH,闻泰科技,6417753200,164521,3.105358467,0.250569881,0.075734783,0.410030683,very_weak,sideways
2025/6/11,1,688256.SH,寒武纪,10607162100,475501,446.0236962,0.754056816,5.031178261,0.886519366,strong,upward
2025/6/11,2,600580.SH,卧龙电驱,4808848000,75127.5,12.50876263,0.092850828,0.147978261,0.845310829,weak,upward
2025/6/11,3,688981.SH,中芯国际,10097285500,59884,12.18751027,0.24451411,0.222882609,0.546812976,moderate,upward
2025/6/11,4,000158.SZ,常山北明,6650930300,158521,11.63785727,0.250934862,0.152743478,0.761921714,weak,upward
2025/6/11,5,002156.SZ,通富微电,6874061400,117692,9.638008479,0.20964885,0.125847826,0.765846243,weak,upward
2025/6/11,6,002594.SZ,比亚迪,6576614900,69346.5,7.917266295,0.142733854,0.753747826,0.105038662,very_weak,upward
2025/6/11,7,300274.SZ,阳光电源,18269279000,132523.5,6.047358726,0.593018565,0.183656522,0.329275469,weak,upward
2025/6/11,8,002475.SZ,立讯精密,10165620000,84651,3.749426111,0.276096386,0.093678261,0.40024506,very_weak,sideways
2025/6/11,9,600745.SH,闻泰科技,6417753200,164521,3.727705258,0.250569881,0.083082609,0.448674556,very_weak,sideways
2025/6/11,10,601012.SH,隆基绿能,6805387300,66505,3.616764409,0.146705367,0.049430435,0.73168776,very_weak,sideways
2025/6/12,1,688256.SH,寒武纪,10607162100,475501,415.5083159,0.754056816,4.738478261,0.876881338,strong,upward
2025/6/12,2,002594.SZ,比亚迪,6576614900,69346.5,17.29378956,0.142733854,0.974873913,0.177395141,very_weak,upward
2025/6/12,3,600580.SH,卧龙电驱,4808848000,75127.5,11.79107751,0.092850828,0.142904348,0.825102783,weak,upward
2025/6/12,4,000158.SZ,常山北明,6650930300,158521,11.06741821,0.250934862,0.148486957,0.745346155,weak,upward
2025/6/12,5,688981.SH,中芯国际,10097285500,59884,8.871105216,0.24451411,0.175365217,0.505864581,weak,upward
2025/6/12,6,002156.SZ,通富微电,6874061400,117692,8.708891716,0.20964885,0.118821739,0.732937574,weak,upward
2025/6/12,7,300274.SZ,阳光电源,18269279000,132523.5,5.490191607,0.593018565,0.178365217,0.307806179,weak,upward
2025/6/12,8,600745.SH,闻泰科技,6417753200,164521,4.743612065,0.250569881,0.092995652,0.510089661,very_weak,sideways
2025/6/12,9,002475.SZ,立讯精密,10165620000,84651,4.094975729,0.276096386,0.096326087,0.425115964,very_weak,sideways
2025/6/12,10,601012.SH,隆基绿能,6805387300,66505,3.3921558,0.146705367,0.048195652,0.703830252,very_weak,sideways
2025/6/13,1,688256.SH,寒武纪,10607162100,475501,383.859287,0.754056816,4.488186957,0.855265814,strong,upward
2025/6/13,2,002594.SZ,比亚迪,6576614900,69346.5,38.48896651,0.142733854,1.285056522,0.299511857,very_weak,upward
2025/6/13,3,000158.SZ,常山北明,6650930300,158521,11.49522546,0.250934862,0.151317391,0.759676423,weak,upward
2025/6/13,4,600580.SH,卧龙电驱,4808848000,75127.5,10.87903787,0.092850828,0.135030435,0.805673024,weak,upward
2025/6/13,5,002156.SZ,通富微电,6874061400,117692,7.60498962,0.20964885,0.108095652,0.7035426,weak,upward
2025/6/13,6,688981.SH,中芯国际,10097285500,59884,7.014734717,0.24451411,0.1333,0.526236663,weak,upward
2025/6/13,7,600745.SH,闻泰科技,6417753200,164521,6.472149491,0.250569881,0.108456522,0.596750604,weak,upward
2025/6/13,8,300274.SZ,阳光电源,18269279000,132523.5,3.563799398,0.593018565,0.154682609,0.230394317,very_weak,upward
2025/6/13,9,002475.SZ,立讯精密,10165620000,84651,3.156030785,0.276096386,0.087404348,0.361083958,very_weak,sideways
2025/6/13,10,002050.SZ,三花智控,10307481500,317796,3.0032013,0.557302744,0.062082609,0.483742768,very_weak,sideways
2025/6/16,1,688256.SH,寒武纪,10607162100,475501,346.7265162,0.754056816,4.186413043,0.828218603,strong,upward
2025/6/16,2,002594.SZ,比亚迪,6576614900,69346.5,70.87735531,0.142733854,1.61956087,0.437633167,weak,upward
2025/6/16,3,000158.SZ,常山北明,6650930300,158521,11.65254383,0.250934862,0.152604348,0.763578758,weak,upward
2025/6/16,4,600580.SH,卧龙电驱,4808848000,75127.5,11.22321751,0.092850828,0.137956522,0.813532943,weak,upward
2025/6/16,5,600745.SH,闻泰科技,6417753200,164521,9.249725203,0.250569881,0.133621739,0.692232062,weak,upward
2025/6/16,6,002156.SZ,通富微电,6874061400,117692,7.123113445,0.20964885,0.103717391,0.686781007,weak,upward
2025/6/16,7,688981.SH,中芯国际,10097285500,59884,6.113191079,0.24451411,0.12443913,0.491259547,weak,upward
2025/6/16,8,002050.SZ,三花智控,10307481500,317796,4.345339045,0.557302744,0.07386087,0.588314092,very_weak,sideways
2025/6/16,9,300274.SZ,阳光电源,18269279000,132523.5,4.29514334,0.593018565,0.16466087,0.260847848,very_weak,upward
2025/6/16,10,002475.SZ,立讯精密,10165620000,84651,3.496772555,0.276096386,0.090773913,0.385217783,very_weak,sideways
2025/6/17,1,688256.SH,寒武纪,10607162100,475501,340.5610504,0.754056816,4.142834783,0.822048352,strong,upward
2025/6/17,2,002594.SZ,比亚迪,6576614900,69346.5,101.124426,0.142733854,1.878052174,0.538453763,moderate,upward
2025/6/17,3,600745.SH,闻泰科技,6417753200,164521,11.21150295,0.250569881,0.150847826,0.74323265,weak,upward
2025/6/17,4,600580.SH,卧龙电驱,4808848000,75127.5,10.44897461,0.092850828,0.128647826,0.812215404,weak,upward
2025/6/17,5,000158.SZ,常山北明,6650930300,158521,10.42643714,0.250934862,0.139956522,0.744976869,weak,upward
2025/6/17,6,002156.SZ,通富微电,6874061400,117692,5.921517422,0.20964885,0.091065217,0.650250182,very_weak,sideways
2025/6/17,7,688981.SH,中芯国际,10097285500,59884,4.51127808,0.24451411,0.105908696,0.425959177,weak,upward
2025/6/17,8,002050.SZ,三花智控,10307481500,317796,3.983986339,0.557302744,0.069043478,0.577025729,very_weak,sideways
2025/6/17,9,601012.SH,隆基绿能,6805387300,66505,2.628471982,0.146705367,0.0427,0.615567209,very_weak,sideways
2025/6/17,10,000021.SZ,深科技,5681892700,115891.5,2.146147706,0.169245414,0.037747826,0.56854869,very_weak,sideways
2025/6/18,1,688256.SH,寒武纪,10607162100,475501,351.0892245,0.754056816,4.242647826,0.827523846,strong,upward
2025/6/18,2,002594.SZ,比亚迪,6576614900,69346.5,142.5644118,0.142733854,2.162052174,0.659393948,moderate,upward
2025/6/18,3,600745.SH,闻泰科技,6417753200,164521,12.14867789,0.250569881,0.159069565,0.763733645,weak,upward
2025/6/18,4,600580.SH,卧龙电驱,4808848000,75127.5,9.95605752,0.092850828,0.121908696,0.81668149,weak,upward
2025/6/18,5,000158.SZ,常山北明,6650930300,158521,9.562066118,0.250934862,0.131543478,0.726912975,weak,upward
2025/6/18,6,002156.SZ,通富微电,6874061400,117692,4.346616254,0.20964885,0.075304348,0.577206546,very_weak,sideways
2025/6/18,7,688981.SH,中芯国际,10097285500,59884,3.9352343,0.24451411,0.098752174,0.398495967,very_weak,sideways
2025/6/18,8,002050.SZ,三花智控,10307481500,317796,3.842825362,0.557302744,0.067221739,0.571664079,very_weak,sideways
2025/6/18,9,601012.SH,隆基绿能,6805387300,66505,1.89390157,0.146705367,0.035226087,0.537641769,very_weak,sideways
2025/6/18,10,000021.SZ,深科技,5681892700,115891.5,1.862119004,0.169245414,0.034478261,0.540084957,very_weak,sideways
2025/6/19,1,688256.SH,寒武纪,10607162100,475501,333.3438929,0.754056816,4.083108696,0.816397304,strong,upward
2025/6/19,2,002594.SZ,比亚迪,6576614900,69346.5,168.3981194,0.142733854,2.322421739,0.725097068,strong,upward
2025/6/19,3,600745.SH,闻泰科技,6417753200,164521,13.10984275,0.250569881,0.166526087,0.787254597,weak,upward
2025/6/19,4,600580.SH,卧龙电驱,4808848000,75127.5,9.308281731,0.092850828,0.113956522,0.81682747,weak,upward
2025/6/19,5,000158.SZ,常山北明,6650930300,158521,7.863693676,0.250934862,0.107965217,0.728354359,weak,upward
2025/6/19,6,002050.SZ,三花智控,10307481500,317796,3.314524023,0.557302744,0.060865217,0.544567844,very_weak,sideways
2025/6/19,7,688981.SH,中芯国际,10097285500,59884,3.206295944,0.24451411,0.086913043,0.368908488,very_weak,sideways
2025/6/19,8,002156.SZ,通富微电,6874061400,117692,2.264385507,0.20964885,0.051917391,0.436151634,very_weak,sideways
2025/6/19,9,000021.SZ,深科技,5681892700,115891.5,1.348283738,0.169245414,0.0283,0.476425349,very_weak,sideways
2025/6/19,10,601012.SH,隆基绿能,6805387300,66505,1.246605125,0.146705367,0.027826087,0.447998717,very_weak,sideways
2025/6/20,1,688256.SH,寒武纪,10607162100,475501,316.063441,0.754056816,3.930821739,0.804064549,strong,upward
2025/6/20,2,002594.SZ,比亚迪,6576614900,69346.5,193.3972881,0.142733854,2.484334783,0.778467095,strong,upward
2025/6/20,3,600745.SH,闻泰科技,6417753200,164521,14.99532078,0.250569881,0.1788,0.838664473,weak,upward
2025/6/20,4,600580.SH,卧龙电驱,4808848000,75127.5,8.728678556,0.092850828,0.10956087,0.796696721,weak,upward
2025/6/20,5,000158.SZ,常山北明,6650930300,158521,7.367162283,0.250934862,0.101791304,0.723751634,weak,upward
2025/6/20,6,688981.SH,中芯国际,10097285500,59884,3.67425681,0.24451411,0.092978261,0.395173751,very_weak,sideways
2025/6/20,7,002050.SZ,三花智控,10307481500,317796,2.619140836,0.557302744,0.05553913,0.471584776,very_weak,sideways
2025/6/20,8,000021.SZ,深科技,5681892700,115891.5,1.402332706,0.169245414,0.028926087,0.484798621,very_weak,sideways
2025/6/20,9,002156.SZ,通富微电,6874061400,117692,1.181792949,0.20964885,0.037647826,0.313907355,very_weak,sideways
2025/6/20,10,601012.SH,隆基绿能,6805387300,66505,1.173644522,0.146705367,0.026991304,0.434823196,very_weak,sideways
2025/6/23,1,688256.SH,寒武纪,10607162100,475501,309.832459,0.754056816,3.874921739,0.799583785,strong,upward
2025/6/23,2,002594.SZ,比亚迪,6576614900,69346.5,193.181632,0.142733854,2.482726087,0.778102881,strong,upward
2025/6/23,3,600745.SH,闻泰科技,6417753200,164521,16.33086112,0.250569881,0.18696087,0.873490863,weak,upward
2025/6/23,4,600580.SH,卧龙电驱,4808848000,75127.5,8.760831833,0.092850828,0.109921739,0.797006298,weak,upward
2025/6/23,5,000158.SZ,常山北明,6650930300,158521,7.09512286,0.250934862,0.097343478,0.728875009,very_weak,sideways
2025/6/23,6,688981.SH,中芯国际,10097285500,59884,3.985708647,0.24451411,0.097291304,0.409667511,very_weak,sideways
2025/6/23,7,002050.SZ,三花智控,10307481500,317796,2.821725867,0.557302744,0.058247826,0.484434537,very_weak,sideways
2025/6/23,8,000021.SZ,深科技,5681892700,115891.5,1.590525615,0.169245414,0.031421739,0.506186373,very_weak,sideways
2025/6/23,9,601012.SH,隆基绿能,6805387300,66505,1.079231456,0.146705367,0.025743478,0.41922519,very_weak,sideways
2025/6/23,10,600089.SH,特变电工,5332485200,69414,0.597413067,0.102879135,0.011265217,0.530316501,very_weak,sideways
2025/6/24,1,688256.SH,寒武纪,10607162100,475501,298.3755778,0.754056816,3.754130435,0.794792784,strong,upward
2025/6/24,2,002594.SZ,比亚迪,6576614900,69346.5,199.7313004,0.142733854,2.528208696,0.790011128,strong,upward
2025/6/24,3,600745.SH,闻泰科技,6417753200,164521,17.15252403,0.250569881,0.191286957,0.896690728,weak,upward
2025/6/24,4,600580.SH,卧龙电驱,4808848000,75127.5,8.406655863,0.092850828,0.107073913,0.785126426,weak,upward
2025/6/24,5,000158.SZ,常山北明,6650930300,158521,6.65172565,0.250934862,0.091604348,0.726136456,very_weak,sideways
2025/6/24,6,002050.SZ,三花智控,10307481500,317796,3.536698388,0.557302744,0.067369565,0.524969751,very_weak,sideways
2025/6/24,7,688981.SH,中芯国际,10097285500,59884,1.33577918,0.24451411,0.06556087,0.20374641,very_weak,sideways
2025/6/24,8,000021.SZ,深科技,5681892700,115891.5,1.325161566,0.169245414,0.02876087,0.460751565,very_weak,sideways
2025/6/24,9,601012.SH,隆基绿能,6805387300,66505,0.933139306,0.146705367,0.023856522,0.391146419,very_weak,sideways
2025/6/24,10,600089.SH,特变电工,5332485200,69414,0.54101914,0.102879135,0.010469565,0.516754162,very_weak,sideways
2025/6/25,1,688256.SH,寒武纪,10607162100,475501,215.3506483,0.754056816,3.138934783,0.686062831,moderate,upward
2025/6/25,2,002594.SZ,比亚迪,6576614900,69346.5,177.4592935,0.142733854,2.352773913,0.754255615,strong,upward
2025/6/25,3,600745.SH,闻泰科技,6417753200,164521,14.18592802,0.250569881,0.173926087,0.815629689,weak,upward
2025/6/25,4,600580.SH,卧龙电驱,4808848000,75127.5,5.980244263,0.092850828,0.091547826,0.653237168,very_weak,sideways
2025/6/25,5,000158.SZ,常山北明,6650930300,158521,5.748332629,0.250934862,0.083295652,0.690111966,very_weak,sideways
2025/6/25,6,002050.SZ,三花智控,10307481500,317796,2.93757944,0.557302744,0.062286957,0.47162032,very_weak,sideways
2025/6/25,7,000021.SZ,深科技,5681892700,115891.5,0.598565955,0.169245414,0.020569565,0.29099592,very_weak,sideways
2025/6/25,8,601012.SH,隆基绿能,6805387300,66505,0.556395165,0.146705367,0.018856522,0.295067761,very_weak,sideways
2025/6/25,9,600089.SH,特变电工,5332485200,69414,0.322352077,0.102879135,0.008143478,0.395840778,very_weak,sideways
2025/6/25,10,688981.SH,中芯国际,10097285500,59884,0.063111336,0.24451411,0.023843478,0.026469014,very_weak,sideways
2025/6/26,1,002594.SZ,比亚迪,6576614900,69346.5,138.6417364,0.142733854,2.017204348,0.687296439,moderate,upward
2025/6/26,2,688256.SH,寒武纪,10607162100,475501,136.7684083,0.754056816,2.498726087,0.547352545,moderate,upward
2025/6/26,3,600745.SH,闻泰科技,6417753200,164521,9.324884922,0.250569881,0.148465217,0.628085493,weak,upward
2025/6/26,4,000158.SZ,常山北明,6650930300,158521,4.030297298,0.250934862,0.067504348,0.597042624,very_weak,sideways
2025/6/26,5,600580.SH,卧龙电驱,4808848000,75127.5,3.273038013,0.092850828,0.066265217,0.49393002,very_weak,sideways
2025/6/26,6,002050.SZ,三花智控,10307481500,317796,1.287739924,0.557302744,0.046269565,0.278312519,very_weak,sideways
2025/6/26,7,601012.SH,隆基绿能,6805387300,66505,0.179848711,0.146705367,0.011817391,0.152189858,very_weak,sideways
2025/6/26,8,600089.SH,特变电工,5332485200,69414,0.082297334,0.102879135,0.004717391,0.174455179,very_weak,sideways
2025/6/26,9,000021.SZ,深科技,5681892700,115891.5,0.029209636,0.169245414,0.007865217,0.037137735,very_weak,sideways
2025/6/26,10,000969.SZ,安泰科技,5138780300,144956,0.027951205,0.186300572,0.0086,0.032501401,very_weak,sideways
2025/6/27,1,002594.SZ,比亚迪,6576614900,69346.5,119.0071701,0.142733854,1.768865217,0.672788231,moderate,upward
2025/6/27,2,688256.SH,寒武纪,10607162100,475501,74.84817103,0.754056816,1.86896087,0.40048014,weak,upward
2025/6/27,3,600745.SH,闻泰科技,6417753200,164521,5.50256369,0.250569881,0.11496087,0.478646666,weak,upward
2025/6/27,4,000158.SZ,常山北明,6650930300,158521,3.091583349,0.250934862,0.059204348,0.522188566,very_weak,sideways
2025/6/27,5,600580.SH,卧龙电驱,4808848000,75127.5,1.612340632,0.092850828,0.048391304,0.333188091,very_weak,sideways
2025/6/27,6,002050.SZ,三花智控,10307481500,317796,0.831231218,0.557302744,0.0398,0.208852065,very_weak,sideways
2025/6/27,7,000969.SZ,安泰科技,5138780300,144956,0.151000856,0.186300572,0.014821739,0.101877961,very_weak,sideways
2025/6/27,8,601012.SH,隆基绿能,6805387300,66505,0.055536362,0.146705367,0.007356522,0.07549269,very_weak,sideways
2025/6/27,9,600089.SH,特变电工,5332485200,69414,0.011976041,0.102879135,0.002330435,0.05138973,very_weak,sideways
2025/6/27,10,000981.SZ,山子高科,5838780500,218956.5,-0.000999648,0.296579523,-0.001130435,0.008843036,very_weak,sideways
2025/6/30,1,002594.SZ,比亚迪,6576614900,69346.5,110.2216791,0.142733854,1.431778261,0.769823667,strong,upward
2025/6/30,2,688256.SH,寒武纪,10607162100,475501,50.91996905,0.754056816,1.477969565,0.344526506,weak,upward
2025/6/30,3,600745.SH,闻泰科技,6417753200,164521,2.742073743,0.250569881,0.08596087,0.318990927,very_weak,sideways
2025/6/30,4,000158.SZ,常山北明,6650930300,158521,2.55843195,0.250934862,0.054791304,0.466941238,very_weak,sideways
2025/6/30,5,600580.SH,卧龙电驱,4808848000,75127.5,2.295280794,0.092850828,0.07246087,0.31676142,very_weak,sideways
2025/6/30,6,000969.SZ,安泰科技,5138780300,144956,0.312289788,0.186300572,0.018786957,0.166226918,very_weak,sideways
2025/6/30,7,002050.SZ,三花智控,10307481500,317796,0.264184493,0.557302744,0.025586957,0.103249674,very_weak,sideways
2025/6/30,8,601012.SH,隆基绿能,6805387300,66505,0.002428111,0.146705367,0.002404348,0.010098836,very_weak,sideways
2025/6/30,9,600089.SH,特变电工,5332485200,69414,-6.19E-05,0.102879135,-0.000447826,0.001382711,very_weak,sideways
2025/6/30,10,000981.SZ,山子高科,5838780500,218956.5,-0.000491131,0.296579523,-0.000886957,0.005537258,very_weak,sideways
2025/7/1,1,002594.SZ,比亚迪,6576614900,69346.5,104.159736,0.142733854,1.317330435,0.790687995,strong,upward
2025/7/1,2,688256.SH,寒武纪,10607162100,475501,20.42089153,0.754056816,0.946021739,0.215860701,very_weak,upward
2025/7/1,3,600580.SH,卧龙电驱,4808848000,75127.5,3.305759323,0.092850828,0.091973913,0.359423582,very_weak,sideways
2025/7/1,4,000158.SZ,常山北明,6650930300,158521,1.551105884,0.250934862,0.044069565,0.351967594,very_weak,sideways
2025/7/1,5,600745.SH,闻泰科技,6417753200,164521,0.933311617,0.250569881,0.057786957,0.161509045,very_weak,sideways
2025/7/1,6,000969.SZ,安泰科技,5138780300,144956,0.116983997,0.186300572,0.01296087,0.090259373,very_weak,sideways
2025/7/1,7,002050.SZ,三花智控,10307481500,317796,0.035909562,0.557302744,0.01303913,0.027539844,very_weak,sideways
2025/7/1,8,000981.SZ,山子高科,5838780500,218956.5,-0.000940632,0.296579523,-0.001113043,0.008450988,very_weak,sideways
2025/7/1,9,600010.SH,包钢股份,6212598200,63568.5,-0.011868217,0.124193182,-0.001326087,0.089498032,very_weak,sideways
2025/7/1,10,600089.SH,特变电工,5332485200,69414,-0.0205789,0.102879135,-0.003469565,0.059312619,very_weak,sideways
2025/7/2,1,002594.SZ,比亚迪,6576614900,69346.5,100.0431069,0.142733854,1.259265217,0.794456208,strong,upward
2025/7/2,2,688256.SH,寒武纪,10607162100,475501,30.77910749,0.754056816,1.158204348,0.265748506,very_weak,upward
2025/7/2,3,600580.SH,卧龙电驱,4808848000,75127.5,4.77739464,0.092850828,0.111869565,0.427050434,weak,upward
2025/7/2,4,000158.SZ,常山北明,6650930300,158521,0.525267797,0.250934862,0.031113043,0.168825592,very_weak,sideways
2025/7/2,5,600745.SH,闻泰科技,6417753200,164521,0.196608008,0.250569881,0.033521739,0.058650897,very_weak,sideways
2025/7/2,6,000969.SZ,安泰科技,5138780300,144956,0.044624731,0.186300572,0.00943913,0.047276315,very_weak,sideways
2025/7/2,7,002050.SZ,三花智控,10307481500,317796,0.023948861,0.557302744,0.011443478,0.020927956,very_weak,sideways
2025/7/2,8,000981.SZ,山子高科,5838780500,218956.5,-0.005400804,0.296579523,-0.002121739,0.02545461,very_weak,sideways
2025/7/2,9,600010.SH,包钢股份,6212598200,63568.5,-0.010415328,0.124193182,-0.001265217,0.082320461,very_weak,sideways
2025/7/2,10,600089.SH,特变电工,5332485200,69414,-0.075545152,0.102879135,-0.005756522,0.131234026,very_weak,sideways
2025/7/3,1,002594.SZ,比亚迪,6576614900,69346.5,101.7800744,0.142733854,1.275873913,0.797728313,strong,upward
2025/7/3,2,688256.SH,寒武纪,10607162100,475501,51.87867056,0.754056816,1.548626087,0.334998041,weak,upward
2025/7/3,3,600580.SH,卧龙电驱,4808848000,75127.5,6.773232496,0.092850828,0.134282609,0.504401319,weak,upward
2025/7/3,4,000158.SZ,常山北明,6650930300,158521,0.475583536,0.250934862,0.030078261,0.15811537,very_weak,sideways
2025/7/3,5,002050.SZ,三花智控,10307481500,317796,0.047968853,0.557302744,0.014417391,0.03327152,very_weak,sideways
2025/7/3,6,600745.SH,闻泰科技,6417753200,164521,0.029385906,0.250569881,0.017486957,0.016804472,very_weak,sideways
2025/7/3,7,000969.SZ,安泰科技,5138780300,144956,0.02016068,0.186300572,0.007156522,0.02817106,very_weak,sideways
2025/7/3,8,000981.SZ,山子高科,5838780500,218956.5,-0.005370861,0.296579523,-0.002117391,0.025365465,very_weak,sideways
2025/7/3,9,600010.SH,包钢股份,6212598200,63568.5,-0.014907921,0.124193182,-0.00146087,0.102048269,very_weak,sideways
2025/7/3,10,600089.SH,特变电工,5332485200,69414,-0.241089148,0.102879135,-0.010973913,0.219692963,very_weak,sideways
2025/7/4,1,002594.SZ,比亚迪,6576614900,69346.5,97.78196893,0.142733854,1.244486957,0.785721123,strong,upward
2025/7/4,2,688256.SH,寒武纪,10607162100,475501,70.39361353,0.754056816,1.828991304,0.384876699,weak,upward
2025/7/4,3,600580.SH,卧龙电驱,4808848000,75127.5,8.337119916,0.092850828,0.150965217,0.552254358,weak,upward
2025/7/4,4,000158.SZ,常山北明,6650930300,158521,0.246389408,0.250934862,0.023517391,0.104769022,very_weak,sideways
2025/7/4,5,002050.SZ,三花智控,10307481500,317796,0.004062882,0.557302744,0.006186957,0.00656685,very_weak,sideways
2025/7/4,6,000969.SZ,安泰科技,5138780300,144956,0.000612617,0.186300572,0.002091304,0.002929352,very_weak,sideways
2025/7/4,7,000981.SZ,山子高科,5838780500,218956.5,-0.010476218,0.296579523,-0.002634783,0.039761225,very_weak,sideways
2025/7/4,8,600745.SH,闻泰科技,6417753200,164521,-0.018253316,0.250569881,-0.014130435,0.012917731,very_weak,sideways
2025/7/4,9,600010.SH,包钢股份,6212598200,63568.5,-0.018461469,0.124193182,-0.001586957,0.116332545,very_weak,sideways
2025/7/4,10,600111.SH,北方稀土,9380893000,116513.5,-0.144740738,0.288716198,-0.021186957,0.068315965,very_weak,sideways
2025/7/7,1,002594.SZ,比亚迪,6576614900,69346.5,109.5002081,0.142733854,1.321573913,0.828559092,strong,upward
2025/7/7,2,688256.SH,寒武纪,10607162100,475501,97.58074972,0.754056816,2.151047826,0.453642864,weak,upward
2025/7/7,3,600580.SH,卧龙电驱,4808848000,75127.5,10.69864928,0.092850828,0.172165217,0.62141758,weak,upward
2025/7/7,4,000158.SZ,常山北明,6650930300,158521,0.271158493,0.250934862,0.024308696,0.11154794,very_weak,sideways
2025/7/7,5,000969.SZ,安泰科技,5138780300,144956,0.009520653,0.186300572,0.005273913,0.01805235,very_weak,sideways
2025/7/7,6,002050.SZ,三花智控,10307481500,317796,0.009247674,0.557302744,0.008152174,0.011343814,very_weak,sideways
2025/7/7,7,000981.SZ,山子高科,5838780500,218956.5,-0.00285213,0.296579523,-0.0017,0.016777233,very_weak,sideways
2025/7/7,8,600111.SH,北方稀土,9380893000,116513.5,-0.004774333,0.288716198,-0.00626087,0.00762567,very_weak,sideways
2025/7/7,9,600010.SH,包钢股份,6212598200,63568.5,-0.014451915,0.124193182,-0.001443478,0.100118687,very_weak,sideways
2025/7/7,10,600745.SH,闻泰科技,6417753200,164521,-0.270950732,0.250569881,-0.03356087,0.080734121,very_weak,sideways
2025/7/8,1,688256.SH,寒武纪,10607162100,475501,120.6643903,0.754056816,2.350046154,0.513455406,moderate,upward
2025/7/8,2,002594.SZ,比亚迪,6576614900,69346.5,111.494224,0.142733854,1.319638462,0.84488462,strong,upward
2025/7/8,3,600580.SH,卧龙电驱,4808848000,75127.5,11.870104,0.092850828,0.179161538,0.662536396,weak,upward
2025/7/8,4,000158.SZ,常山北明,6650930300,158521,0.323906504,0.250934862,0.024938462,0.129882312,very_weak,sideways
2025/7/8,5,002050.SZ,三花智控,10307481500,317796,0.044460275,0.557302744,0.013492308,0.032952313,very_weak,sideways
2025/7/8,6,000969.SZ,安泰科技,5138780300,144956,0.018165979,0.186300572,0.006315385,0.028764645,very_weak,sideways
2025/7/8,7,000981.SZ,山子高科,5838780500,218956.5,-0.000546183,0.296579523,-0.000946154,0.005772665,very_weak,sideways
2025/7/8,8,600111.SH,北方稀土,9380893000,116513.5,-0.001425715,0.288716198,-0.004023077,0.003543841,very_weak,sideways
2025/7/8,9,600010.SH,包钢股份,6212598200,63568.5,-0.015733914,0.124193182,-0.001430769,0.109968214,very_weak,sideways
2025/7/8,10,000063.SZ,中兴通讯,16078399000,179199,-0.230170243,0.578080134,-0.021907692,0.105063664,very_weak,sideways
2025/7/9,1,688256.SH,寒武纪,10607162100,475501,159.1617721,0.754056816,2.686807692,0.592382449,moderate,upward
2025/7/9,2,002594.SZ,比亚迪,6576614900,69346.5,117.0356406,0.142733854,1.362430769,0.859020827,strong,upward
2025/7/9,3,600580.SH,卧龙电驱,4808848000,75127.5,13.60314179,0.092850828,0.1921,0.708128151,weak,upward
2025/7/9,4,000158.SZ,常山北明,6650930300,158521,0.33460026,0.250934862,0.025215385,0.13269687,very_weak,sideways
2025/7/9,5,002050.SZ,三花智控,10307481500,317796,0.093576578,0.557302744,0.017384615,0.053827235,very_weak,sideways
2025/7/9,6,000969.SZ,安泰科技,5138780300,144956,0.043692551,0.186300572,0.008461538,0.051636651,very_weak,sideways
2025/7/9,7,600111.SH,北方稀土,9380893000,116513.5,0.000338141,0.288716198,0.002369231,0.001427218,very_weak,sideways
2025/7/9,8,000981.SZ,山子高科,5838780500,218956.5,-2.37E-09,0.296579523,-1.54E-05,1.54E-06,very_weak,sideways
2025/7/9,9,600010.SH,包钢股份,6212598200,63568.5,-0.015150082,0.124193182,-0.001407692,0.107623535,very_weak,sideways
2025/7/9,10,000063.SZ,中兴通讯,16078399000,179199,-0.219149077,0.578080134,-0.021461538,0.102112473,very_weak,sideways
2025/7/10,1,688256.SH,寒武纪,10607162100,475501,185.8888599,0.754056816,2.938053846,0.63269385,moderate,upward
2025/7/10,2,002594.SZ,比亚迪,6576614900,69346.5,115.4553249,0.142733854,1.347592308,0.856752626,strong,upward
2025/7/10,3,600580.SH,卧龙电驱,4808848000,75127.5,14.37378223,0.092850828,0.197730769,0.726937051,weak,upward
2025/7/10,4,000158.SZ,常山北明,6650930300,158521,0.332881713,0.250934862,0.025169231,0.132257404,very_weak,sideways
2025/7/10,5,000969.SZ,安泰科技,5138780300,144956,0.112156323,0.186300572,0.0117,0.095860105,very_weak,sideways
2025/7/10,6,002050.SZ,三花智控,10307481500,317796,0.085724934,0.557302744,0.016853846,0.050863721,very_weak,sideways
2025/7/10,7,600111.SH,北方稀土,9380893000,116513.5,0.015682012,0.288716198,0.008353846,0.018772206,very_weak,sideways
2025/7/10,8,000981.SZ,山子高科,5838780500,218956.5,0.00087468,0.296579523,0.001107692,0.00789642,very_weak,sideways
2025/7/10,9,600010.SH,包钢股份,6212598200,63568.5,-0.015368984,0.124193182,-0.001415385,0.108585211,very_weak,sideways
2025/7/10,10,601212.SH,白银有色,4249199000,396949,-0.211182605,0.456764341,-0.008046154,0.262464041,very_weak,sideways
2025/7/11,1,688256.SH,寒武纪,10607162100,475501,201.5005195,0.754056816,3.116084615,0.646646495,moderate,upward
2025/7/11,2,002594.SZ,比亚迪,6576614900,69346.5,115.3145783,0.142733854,1.345930769,0.85676456,strong,upward
2025/7/11,3,600580.SH,卧龙电驱,4808848000,75127.5,14.35448068,0.092850828,0.197576923,0.726526178,weak,upward
2025/7/11,4,000969.SZ,安泰科技,5138780300,144956,0.196791872,0.186300572,0.014230769,0.138286181,very_weak,sideways
2025/7/11,5,000158.SZ,常山北明,6650930300,158521,0.089003364,0.250934862,0.014669231,0.060673505,very_weak,sideways
2025/7/11,6,002050.SZ,三花智控,10307481500,317796,0.008485965,0.557302744,0.007138462,0.011887666,very_weak,sideways
2025/7/11,7,000981.SZ,山子高科,5838780500,218956.5,0.007227823,0.296579523,0.002230769,0.032400587,very_weak,sideways
2025/7/11,8,600111.SH,北方稀土,9380893000,116513.5,-0.004862909,0.288716198,-0.007123077,0.006826978,very_weak,sideways
2025/7/11,9,600010.SH,包钢股份,6212598200,63568.5,-0.03191534,0.124193182,-0.002015385,0.158358556,very_weak,sideways
2025/7/11,10,601212.SH,白银有色,4249199000,396949,-0.123913487,0.456764341,-0.006376923,0.19431548,very_weak,sideways
2025/7/14,1,688256.SH,寒武纪,10607162100,475501,191.0852558,0.754056816,3.037238462,0.629141433,moderate,upward
2025/7/14,2,002594.SZ,比亚迪,6576614900,69346.5,110.572013,0.142733854,1.297030769,0.852501079,strong,upward
2025/7/14,3,600580.SH,卧龙电驱,4808848000,75127.5,13.87939129,0.092850828,0.194184615,0.714752364,weak,upward
2025/7/14,4,000969.SZ,安泰科技,5138780300,144956,0.235795164,0.186300572,0.014992308,0.157277431,very_weak,sideways
2025/7/14,5,000981.SZ,山子高科,5838780500,218956.5,0.014797191,0.296579523,0.002853846,0.051849996,very_weak,sideways
2025/7/14,6,000158.SZ,常山北明,6650930300,158521,0.0068078,0.250934862,0.005930769,0.011478781,very_weak,sideways
2025/7/14,7,002050.SZ,三花智控,10307481500,317796,0.00037413,0.557302744,0.002492308,0.00150114,very_weak,sideways
2025/7/14,8,600010.SH,包钢股份,6212598200,63568.5,-0.088951159,0.124193182,-0.004253846,0.209107606,very_weak,sideways
2025/7/14,9,002241.SZ,歌尔股份,3458498100,114387.5,-0.166822111,0.096092907,-0.0205,0.08137664,very_weak,sideways
2025/7/14,10,601212.SH,白银有色,4249199000,396949,-0.263539287,0.456764341,-0.008407692,0.313450204,very_weak,sideways
2025/7/15,1,688256.SH,寒武纪,10607162100,475501,157.19397,0.754056816,2.780223077,0.565400566,moderate,upward
2025/7/15,2,002594.SZ,比亚迪,6576614900,69346.5,122.2336897,0.142733854,1.388630769,0.880246156,strong,upward
2025/7/15,3,600580.SH,卧龙电驱,4808848000,75127.5,11.64447134,0.092850828,0.179207692,0.649775196,weak,upward
2025/7/15,4,000969.SZ,安泰科技,5138780300,144956,0.187169083,0.186300572,0.013930769,0.134356603,very_weak,sideways
2025/7/15,5,000981.SZ,山子高科,5838780500,218956.5,0.012809844,0.296579523,0.002707692,0.047309082,very_weak,sideways
2025/7/15,6,002050.SZ,三花智控,10307481500,317796,-4.96E-05,0.557302744,-0.001269231,0.000390734,very_weak,sideways
2025/7/15,7,000158.SZ,常山北明,6650930300,158521,-0.001369321,0.250934862,-0.003215385,0.004258653,very_weak,sideways
2025/7/15,8,002241.SZ,歌尔股份,3458498100,114387.5,-0.019548032,0.096092907,-0.009892308,0.019760841,very_weak,sideways
2025/7/15,9,600010.SH,包钢股份,6212598200,63568.5,-0.210482372,0.124193182,-0.006907692,0.30470722,very_weak,sideways
2025/7/15,10,601212.SH,白银有色,4249199000,396949,-0.479065635,0.456764341,-0.011684615,0.409996922,very_weak,sideways
2025/7/16,1,688256.SH,寒武纪,10607162100,475501,148.6098843,0.754056816,2.710415385,0.548291915,moderate,upward
2025/7/16,2,002594.SZ,比亚迪,6576614900,69346.5,119.2480104,0.142733854,1.365430769,0.873336189,strong,upward
2025/7/16,3,600580.SH,卧龙电驱,4808848000,75127.5,9.940795449,0.092850828,0.167069231,0.595010548,weak,upward
2025/7/16,4,000969.SZ,安泰科技,5138780300,144956,0.069814886,0.186300572,0.010084615,0.069229102,very_weak,sideways
2025/7/16,5,000981.SZ,山子高科,5838780500,218956.5,0.004433705,0.296579523,0.001861538,0.023817425,very_weak,sideways
2025/7/16,6,002241.SZ,歌尔股份,3458498100,114387.5,5.53E-05,0.096092907,0.001361538,0.000406089,very_weak,sideways
2025/7/16,7,000158.SZ,常山北明,6650930300,158521,-0.038037635,0.250934862,-0.009661538,0.039370164,very_weak,sideways
2025/7/16,8,002050.SZ,三花智控,10307481500,317796,-0.04368736,0.557302744,-0.012830769,0.034048902,very_weak,sideways
2025/7/16,9,600010.SH,包钢股份,6212598200,63568.5,-0.30637582,0.124193182,-0.008276923,0.37015666,very_weak,sideways
2025/7/16,10,601899.SH,紫金矿业,9293026100,186481.5,-0.394538417,0.368920707,-0.0289,0.136518483,very_weak,sideways
2025/7/17,1,002594.SZ,比亚迪,6576614900,69346.5,107.77626,0.142733854,1.224307692,0.880303707,strong,upward
2025/7/17,2,688256.SH,寒武纪,10607162100,475501,103.556109,0.754056816,2.369915385,0.436961208,weak,upward
2025/7/17,3,600580.SH,卧龙电驱,4808848000,75127.5,7.896175909,0.092850828,0.150907692,0.523245422,weak,upward
2025/7/17,4,002241.SZ,歌尔股份,3458498100,114387.5,0.049549119,0.096092907,0.013153846,0.037668921,very_weak,sideways
2025/7/17,5,000969.SZ,安泰科技,5138780300,144956,0.005989137,0.186300572,0.004415385,0.013564247,very_weak,sideways
2025/7/17,6,000981.SZ,山子高科,5838780500,218956.5,0.001551344,0.296579523,0.001292308,0.012004451,very_weak,sideways
2025/7/17,7,000158.SZ,常山北明,6650930300,158521,-0.193801242,0.250934862,-0.016407692,0.118116087,very_weak,sideways
2025/7/17,8,601899.SH,紫金矿业,9293026100,186481.5,-0.211481239,0.368920707,-0.023192308,0.09118594,very_weak,sideways
2025/7/17,9,600010.SH,包钢股份,6212598200,63568.5,-0.453982616,0.124193182,-0.009769231,0.464706615,very_weak,sideways
2025/7/17,10,601212.SH,白银有色,4249199000,396949,-0.461979888,0.456764341,-0.011546154,0.400115826,very_weak,sideways
2025/7/18,1,002594.SZ,比亚迪,6576614900,69346.5,91.86126497,0.142733854,1.101553846,0.833924418,strong,upward
2025/7/18,2,688256.SH,寒武纪,10607162100,475501,61.07232722,0.754056816,1.947623077,0.313573648,weak,upward
2025/7/18,3,600580.SH,卧龙电驱,4808848000,75127.5,5.543400001,0.092850828,0.130884615,0.423533353,weak,upward
2025/7/18,4,002241.SZ,歌尔股份,3458498100,114387.5,0.060720249,0.096092907,0.014015385,0.043323998,very_weak,sideways
2025/7/18,5,000981.SZ,山子高科,5838780500,218956.5,3.07E-09,0.296579523,1.54E-05,1.99E-06,very_weak,sideways
2025/7/18,6,000969.SZ,安泰科技,5138780300,144956,-0.028294628,0.186300572,-0.008353846,0.033870181,very_weak,sideways
2025/7/18,7,601899.SH,紫金矿业,9293026100,186481.5,-0.250059908,0.368920707,-0.024469231,0.102193612,very_weak,sideways
2025/7/18,8,002759.SZ,天际股份,3842732500,135741.5,-0.270521139,0.133765217,-0.031892308,0.084823319,very_weak,sideways
2025/7/18,9,601212.SH,白银有色,4249199000,396949,-0.484775524,0.456764341,-0.011746154,0.412710007,very_weak,sideways
2025/7/18,10,600010.SH,包钢股份,6212598200,63568.5,-0.640938437,0.124193182,-0.011323077,0.566046174,very_weak,sideways
2025/7/21,1,002594.SZ,比亚迪,6576614900,69346.5,79.17327963,0.142733854,1.021738462,0.774887925,strong,upward
2025/7/21,2,688256.SH,寒武纪,10607162100,475501,30.1497829,0.754056816,1.505069231,0.200321568,very_weak,upward
2025/7/21,3,600580.SH,卧龙电驱,4808848000,75127.5,4.095050282,0.092850828,0.116676923,0.350973455,weak,upward
2025/7/21,4,002241.SZ,歌尔股份,3458498100,114387.5,0.403678049,0.096092907,0.025092308,0.160877212,very_weak,sideways
2025/7/21,5,000981.SZ,山子高科,5838780500,218956.5,2.79E-07,0.296579523,6.92E-05,4.03E-05,very_weak,sideways
2025/7/21,6,002759.SZ,天际股份,3842732500,135741.5,-0.066317159,0.133765217,-0.019307692,0.034347533,very_weak,sideways
2025/7/21,7,000969.SZ,安泰科技,5138780300,144956,-0.296891996,0.186300572,-0.019707692,0.150647773,very_weak,sideways
2025/7/21,8,601899.SH,紫金矿业,9293026100,186481.5,-0.319604997,0.368920707,-0.026638462,0.119978775,very_weak,sideways
2025/7/21,9,601212.SH,白银有色,4249199000,396949,-0.519782332,0.456764341,-0.012061538,0.430941984,very_weak,sideways
2025/7/21,10,600010.SH,包钢股份,6212598200,63568.5,-0.88285408,0.124193182,-0.013646154,0.64696184,very_weak,sideways
2025/7/22,1,002594.SZ,比亚迪,6576614900,69346.5,58.21685064,0.142733854,0.898384615,0.648017003,moderate,upward
2025/7/22,2,688256.SH,寒武纪,10607162100,475501,13.12738062,0.754056816,1.1246,0.116729332,very_weak,upward
2025/7/22,3,600580.SH,卧龙电驱,4808848000,75127.5,1.332267789,0.092850828,0.081361538,0.163746632,very_weak,sideways
2025/7/22,4,002241.SZ,歌尔股份,3458498100,114387.5,0.800604956,0.096092907,0.030653846,0.261176021,very_weak,sideways
2025/7/22,5,000981.SZ,山子高科,5838780500,218956.5,3.53E-06,0.296579523,0.000161538,0.000218329,very_weak,sideways
2025/7/22,6,002759.SZ,天际股份,3842732500,135741.5,-0.004474085,0.133765217,-0.007615385,0.005875061,very_weak,sideways
2025/7/22,7,601899.SH,紫金矿业,9293026100,186481.5,-0.37209193,0.368920707,-0.028215385,0.131875548,very_weak,sideways
2025/7/22,8,601212.SH,白银有色,4249199000,396949,-0.628790643,0.456764341,-0.0131,0.479992857,very_weak,sideways
2025/7/22,9,600010.SH,包钢股份,6212598200,63568.5,-1.18348122,0.124193182,-0.016369231,0.722991347,very_weak,sideways
2025/7/22,10,000969.SZ,安泰科技,5138780300,144956,-1.229019196,0.186300572,-0.0332,0.370186505,very_weak,sideways
2025/7/23,1,002594.SZ,比亚迪,6576614900,69346.5,28.76478434,0.142733854,0.704123077,0.408519267,weak,upward
2025/7/23,2,688256.SH,寒武纪,10607162100,475501,5.736892884,0.754056816,0.864546154,0.066357277,very_weak,upward
2025/7/23,3,002241.SZ,歌尔股份,3458498100,114387.5,0.30251614,0.096092907,0.023161538,0.130611419,very_weak,sideways
2025/7/23,4,600580.SH,卧龙电驱,4808848000,75127.5,0.138057094,0.092850828,0.040061538,0.034461256,very_weak,sideways
2025/7/23,5,000981.SZ,山子高科,5838780500,218956.5,0.001649577,0.296579523,0.001269231,0.012996666,very_weak,sideways
2025/7/23,6,002759.SZ,天际股份,3842732500,135741.5,0.000857744,0.133765217,0.004230769,0.002027396,very_weak,sideways
2025/7/23,7,601899.SH,紫金矿业,9293026100,186481.5,-0.580053923,0.368920707,-0.033792308,0.171652652,very_weak,sideways
2025/7/23,8,601212.SH,白银有色,4249199000,396949,-0.782826622,0.456764341,-0.014592308,0.536465265,very_weak,sideways
2025/7/23,9,601288.SH,农业银行,4575465300,91258.5,-1.461673164,0.10450082,-0.021315385,0.685736237,very_weak,sideways
2025/7/23,10,600010.SH,包钢股份,6212598200,63568.5,-1.468740074,0.124193182,-0.018607692,0.789318766,very_weak,sideways
2025/7/24,1,002594.SZ,比亚迪,6576614900,69346.5,12.30562441,0.142733854,0.5096,0.241476146,very_weak,upward
2025/7/24,2,688256.SH,寒武纪,10607162100,475501,1.072117982,0.754056816,0.499215385,0.021476061,very_weak,upward
2025/7/24,3,002759.SZ,天际股份,3842732500,135741.5,0.081539884,0.133765217,0.018561538,0.043929486,very_weak,sideways
2025/7/24,4,002241.SZ,歌尔股份,3458498100,114387.5,0.044151964,0.096092907,0.012115385,0.036442891,very_weak,sideways
2025/7/24,5,000981.SZ,山子高科,5838780500,218956.5,0.005656652,0.296579523,0.001938462,0.029181141,very_weak,sideways
2025/7/24,6,600580.SH,卧龙电驱,4808848000,75127.5,-3.54E-05,0.092850828,-0.002661538,0.000133148,very_weak,sideways
2025/7/24,7,601899.SH,紫金矿业,9293026100,186481.5,-0.723406964,0.368920707,-0.037038462,0.195312368,very_weak,sideways
2025/7/24,8,601212.SH,白银有色,4249199000,396949,-0.973976115,0.456764341,-0.016138462,0.603512369,very_weak,sideways
2025/7/24,9,601288.SH,农业银行,4575465300,91258.5,-1.288220454,0.10450082,-0.019738462,0.652644813,very_weak,sideways
2025/7/24,10,600010.SH,包钢股份,6212598200,63568.5,-1.729480706,0.124193182,-0.021076923,0.820556539,very_weak,sideways
2025/7/25,1,002594.SZ,比亚迪,6576614900,69346.5,3.240056139,0.142733854,0.329823077,0.098236187,very_weak,upward
2025/7/25,2,002759.SZ,天际股份,3842732500,135741.5,0.306392389,0.133765217,0.028061538,0.109185884,very_weak,sideways
2025/7/25,3,000981.SZ,山子高科,5838780500,218956.5,0.033248156,0.296579523,0.003453846,0.096264148,very_weak,sideways
2025/7/25,4,688256.SH,寒武纪,10607162100,475501,0.013527405,0.754056816,0.118038462,0.001146017,very_weak,upward
2025/7/25,5,002241.SZ,歌尔股份,3458498100,114387.5,0.000316096,0.096092907,0.002423077,0.001304523,very_weak,sideways
2025/7/25,6,600580.SH,卧龙电驱,4808848000,75127.5,-0.147612765,0.092850828,-0.043946154,0.033589462,very_weak,sideways
2025/7/25,7,601899.SH,紫金矿业,9293026100,186481.5,-0.605830805,0.368920707,-0.034253846,0.176865045,very_weak,sideways
2025/7/25,8,601212.SH,白银有色,4249199000,396949,-1.003633431,0.456764341,-0.016438462,0.610539757,very_weak,sideways
2025/7/25,9,601288.SH,农业银行,4575465300,91258.5,-1.031104513,0.10450082,-0.0174,0.592588801,very_weak,sideways
2025/7/25,10,000021.SZ,深科技,5681892700,115891.5,-1.852417395,0.169245414,-0.044184615,0.419244884,very_weak,sideways
2025/7/28,1,002759.SZ,天际股份,3842732500,135741.5,0.889063851,0.133765217,0.0383,0.232131554,very_weak,sideways
2025/7/28,2,002594.SZ,比亚迪,6576614900,69346.5,0.721866757,0.142733854,0.198469231,0.036371721,very_weak,upward
2025/7/28,3,000981.SZ,山子高科,5838780500,218956.5,0.102441578,0.296579523,0.004992308,0.205198846,very_weak,sideways
2025/7/28,4,002241.SZ,歌尔股份,3458498100,114387.5,-0.000172303,0.096092907,-0.002030769,0.00084846,very_weak,sideways
2025/7/28,5,601899.SH,紫金矿业,9293026100,186481.5,-0.372215686,0.368920707,-0.028030769,0.132788252,very_weak,sideways
2025/7/28,6,600580.SH,卧龙电驱,4808848000,75127.5,-0.652998186,0.092850828,-0.073861538,0.088408419,very_weak,sideways
2025/7/28,7,601288.SH,农业银行,4575465300,91258.5,-0.763854122,0.10450082,-0.014823077,0.515314146,very_weak,sideways
2025/7/28,8,601212.SH,白银有色,4249199000,396949,-0.872709294,0.456764341,-0.015146154,0.576192018,very_weak,sideways
2025/7/28,9,000021.SZ,深科技,5681892700,115891.5,-1.252741378,0.169245414,-0.032984615,0.37979566,very_weak,sideways
2025/7/28,10,600010.SH,包钢股份,6212598200,63568.5,-2.262570525,0.124193182,-0.0278,0.81387429,very_weak,sideways
2025/7/29,1,002759.SZ,天际股份,3842732500,135741.5,1.646098582,0.133765217,0.045507692,0.361718755,very_weak,sideways
2025/7/29,2,000981.SZ,山子高科,5838780500,218956.5,0.23746642,0.296579523,0.006630769,0.358128012,very_weak,sideways
2025/7/29,3,002594.SZ,比亚迪,6576614900,69346.5,0.078438664,0.142733854,0.094415385,0.008307827,very_weak,sideways
2025/7/29,4,002241.SZ,歌尔股份,3458498100,114387.5,-0.00304403,0.096092907,-0.005353846,0.005685688,very_weak,sideways
2025/7/29,5,601899.SH,紫金矿业,9293026100,186481.5,-0.183661772,0.368920707,-0.021238462,0.086476025,very_weak,sideways
2025/7/29,6,601288.SH,农业银行,4575465300,91258.5,-0.59590856,0.10450082,-0.013223077,0.450658015,very_weak,sideways
2025/7/29,7,601212.SH,白银有色,4249199000,396949,-0.660956489,0.456764341,-0.013176923,0.501601538,very_weak,sideways
2025/7/29,8,000021.SZ,深科技,5681892700,115891.5,-0.923897926,0.169245414,-0.025723077,0.359170845,very_weak,sideways
2025/7/29,9,600580.SH,卧龙电驱,4808848000,75127.5,-1.926876662,0.092850828,-0.108284615,0.177945561,very_weak,downward
2025/7/29,10,300059.SZ,东方财富,7789936000,54133.5,-2.465758962,0.163627818,-0.051738462,0.476581423,very_weak,sideways
2025/7/30,1,002594.SZ,比亚迪,6576614900,69346.5,22.39252969,0.142733854,2.019915385,0.110858751,very_weak,upward
2025/7/30,2,002759.SZ,天际股份,3842732500,135741.5,1.630740405,0.133765217,0.045369231,0.359437526,very_weak,sideways
2025/7/30,3,000981.SZ,山子高科,5838780500,218956.5,0.345786964,0.296579523,0.007576923,0.456368581,very_weak,sideways
2025/7/30,4,601899.SH,紫金矿业,9293026100,186481.5,-0.037279327,0.368920707,-0.011815385,0.031551514,very_weak,sideways
2025/7/30,5,002241.SZ,歌尔股份,3458498100,114387.5,-0.038663874,0.096092907,-0.012576923,0.030741918,very_weak,sideways
2025/7/30,6,601288.SH,农业银行,4575465300,91258.5,-0.430985736,0.10450082,-0.011630769,0.370556519,very_weak,sideways
2025/7/30,7,601212.SH,白银有色,4249199000,396949,-0.473355643,0.456764341,-0.011146154,0.424680701,very_weak,sideways
2025/7/30,8,000021.SZ,深科技,5681892700,115891.5,-0.755837502,0.169245414,-0.021615385,0.349675713,very_weak,sideways
2025/7/30,9,300059.SZ,东方财富,7789936000,54133.5,-2.082001585,0.163627818,-0.044623077,0.466575084,very_weak,sideways
2025/7/30,10,600010.SH,包钢股份,6212598200,63568.5,-2.916090916,0.124193182,-0.034269231,0.850935621,very_weak,sideways
2025/7/31,1,002594.SZ,比亚迪,6576614900,69346.5,74.56376306,0.142733854,3.733192308,0.19973191,very_weak,upward
2025/7/31,2,002759.SZ,天际股份,3842732500,135741.5,1.094232805,0.133765217,0.038223077,0.286275437,very_weak,sideways
2025/7/31,3,000981.SZ,山子高科,5838780500,218956.5,0.528547391,0.296579523,0.008869231,0.595933746,very_weak,sideways
2025/7/31,4,601899.SH,紫金矿业,9293026100,186481.5,-0.013211771,0.368920707,-0.008207692,0.016096816,very_weak,sideways
2025/7/31,5,002241.SZ,歌尔股份,3458498100,114387.5,-0.184889497,0.096092907,-0.020838462,0.088725119,very_weak,sideways
2025/7/31,6,601212.SH,白银有色,4249199000,396949,-0.273797251,0.456764341,-0.008584615,0.31893945,very_weak,sideways
2025/7/31,7,601288.SH,农业银行,4575465300,91258.5,-0.404067027,0.10450082,-0.011330769,0.356610411,very_weak,sideways
2025/7/31,8,000021.SZ,深科技,5681892700,115891.5,-0.598359467,0.169245414,-0.019338462,0.309414203,very_weak,sideways
2025/7/31,9,002402.SZ,和而泰,4565948500,152925.5,-3.202959312,0.177370186,-0.086438462,0.370547931,very_weak,sideways
2025/7/31,10,600010.SH,包钢股份,6212598200,63568.5,-3.364586756,0.124193182,-0.039923077,0.842767396,very_weak,sideways
2025/8/1,1,002594.SZ,比亚迪,6576614900,69346.5,156.9845029,0.142733854,5.411653846,0.290086002,very_weak,upward
2025/8/1,2,000981.SZ,山子高科,5838780500,218956.5,0.628500984,0.296579523,0.0096,0.654688525,very_weak,sideways
2025/8/1,3,002759.SZ,天际股份,3842732500,135741.5,0.466412604,0.133765217,0.021038462,0.221695205,very_weak,sideways
2025/8/1,4,601899.SH,紫金矿业,9293026100,186481.5,0.000310178,0.368920707,0.002323077,0.001335203,very_weak,sideways
2025/8/1,5,601212.SH,白银有色,4249199000,396949,-0.066848589,0.456764341,-0.005092308,0.131273664,very_weak,sideways
2025/8/1,6,002241.SZ,歌尔股份,3458498100,114387.5,-0.260291699,0.096092907,-0.023238462,0.112009007,very_weak,sideways
2025/8/1,7,000021.SZ,深科技,5681892700,115891.5,-0.370243566,0.169245414,-0.016092308,0.230074874,very_weak,sideways
2025/8/1,8,601288.SH,农业银行,4575465300,91258.5,-0.475707663,0.10450082,-0.012115385,0.392647595,very_weak,sideways
2025/8/1,9,300059.SZ,东方财富,7789936000,54133.5,-3.022775079,0.163627818,-0.049807692,0.606889205,very_weak,sideways
2025/8/1,10,601012.SH,隆基绿能,6805387300,66505,-3.056460517,0.146705367,-0.057692308,0.52978649,very_weak,sideways
2025/8/4,1,002594.SZ,比亚迪,6576614900,69346.5,259.2139587,0.142733854,6.938330769,0.373597004,weak,upward
2025/8/4,2,000981.SZ,山子高科,5838780500,218956.5,0.686131024,0.296579523,0.010015385,0.685077059,very_weak,sideways
2025/8/4,3,002759.SZ,天际股份,3842732500,135741.5,0.159942296,0.133765217,0.012230769,0.130770431,very_weak,sideways
2025/8/4,4,601899.SH,紫金矿业,9293026100,186481.5,0.001521398,0.368920707,0.003969231,0.003832979,very_weak,sideways
2025/8/4,5,601212.SH,白银有色,4249199000,396949,-0.008056781,0.456764341,-0.002515385,0.032030014,very_weak,sideways
2025/8/4,6,000021.SZ,深科技,5681892700,115891.5,-0.183413171,0.169245414,-0.012876923,0.142435557,very_weak,sideways
2025/8/4,7,002241.SZ,歌尔股份,3458498100,114387.5,-0.314019843,0.096092907,-0.024638462,0.127451076,very_weak,sideways
2025/8/4,8,601288.SH,农业银行,4575465300,91258.5,-0.399398469,0.10450082,-0.011007692,0.362835786,very_weak,sideways
2025/8/4,9,601012.SH,隆基绿能,6805387300,66505,-1.65019205,0.146705367,-0.042453846,0.388702603,very_weak,sideways
2025/8/4,10,300059.SZ,东方财富,7789936000,54133.5,-2.103422509,0.163627818,-0.043915385,0.47897167,very_weak,sideways
2025/8/5,1,002594.SZ,比亚迪,6576614900,69346.5,374.197502,0.142733854,8.321076923,0.449698405,weak,upward
2025/8/5,2,000981.SZ,山子高科,5838780500,218956.5,0.60965253,0.296579523,0.009307692,0.654998586,very_weak,sideways
2025/8/5,3,002759.SZ,天际股份,3842732500,135741.5,0.027198868,0.133765217,0.005815385,0.04677054,very_weak,sideways
2025/8/5,4,601899.SH,紫金矿业,9293026100,186481.5,0.00028946,0.368920707,0.002292308,0.001262747,very_weak,sideways
2025/8/5,5,601212.SH,白银有色,4249199000,396949,-1.36E-05,0.456764341,-0.000292308,0.000466114,very_weak,sideways
2025/8/5,6,000021.SZ,深科技,5681892700,115891.5,-0.22137332,0.169245414,-0.013653846,0.162132572,very_weak,sideways
2025/8/5,7,002241.SZ,歌尔股份,3458498100,114387.5,-0.336552772,0.096092907,-0.025176923,0.133675101,very_weak,sideways
2025/8/5,8,601288.SH,农业银行,4575465300,91258.5,-0.347425966,0.10450082,-0.010107692,0.343724319,very_weak,sideways
2025/8/5,9,601012.SH,隆基绿能,6805387300,66505,-0.660363703,0.146705367,-0.029384615,0.224731103,very_weak,sideways
2025/8/5,10,300059.SZ,东方财富,7789936000,54133.5,-1.673048701,0.163627818,-0.040484615,0.413255427,very_weak,sideways
2025/8/6,1,002594.SZ,比亚迪,6576614900,69346.5,492.6544013,0.142733854,9.535069231,0.516676271,moderate,upward
2025/8/6,2,000981.SZ,山子高科,5838780500,218956.5,0.450554545,0.296579523,0.006846154,0.658113381,very_weak,sideways
2025/8/6,3,002759.SZ,天际股份,3842732500,135741.5,0.000189831,0.133765217,0.000992308,0.00191303,very_weak,sideways
2025/8/6,4,601212.SH,白银有色,4249199000,396949,-6.71E-06,0.456764341,-0.000230769,0.000290905,very_weak,sideways
2025/8/6,5,601899.SH,紫金矿业,9293026100,186481.5,-0.000650821,0.368920707,-0.003,0.002169405,very_weak,sideways
2025/8/6,6,601012.SH,隆基绿能,6805387300,66505,-0.138012966,0.146705367,-0.015423077,0.089484716,very_weak,sideways
2025/8/6,7,000021.SZ,深科技,5681892700,115891.5,-0.318693985,0.169245414,-0.015338462,0.207774413,very_weak,sideways
2025/8/6,8,601288.SH,农业银行,4575465300,91258.5,-0.393049902,0.10450082,-0.011,0.357318093,very_weak,sideways
2025/8/6,9,002241.SZ,歌尔股份,3458498100,114387.5,-0.421857534,0.096092907,-0.027107692,0.155622813,very_weak,sideways
2025/8/6,10,300059.SZ,东方财富,7789936000,54133.5,-1.345529278,0.163627818,-0.036969231,0.36395923,very_weak,sideways
2025/8/7,1,002594.SZ,比亚迪,6576614900,69346.5,608.4232327,0.142733854,10.58635385,0.574724066,moderate,upward
2025/8/7,2,000981.SZ,山子高科,5838780500,218956.5,0.380537289,0.296579523,0.005030769,0.756419688,very_weak,sideways
2025/8/7,3,601212.SH,白银有色,4249199000,396949,-0.000304591,0.456764341,-0.000823077,0.003700637,very_weak,sideways
2025/8/7,4,002759.SZ,天际股份,3842732500,135741.5,-0.001593877,0.133765217,-0.001930769,0.008255142,very_weak,sideways
2025/8/7,5,601012.SH,隆基绿能,6805387300,66505,-0.019781853,0.146705367,-0.007830769,0.025261699,very_weak,sideways
2025/8/7,6,601899.SH,紫金矿业,9293026100,186481.5,-0.062004676,0.368920707,-0.013692308,0.045284314,very_weak,sideways
2025/8/7,7,000021.SZ,深科技,5681892700,115891.5,-0.240418298,0.169245414,-0.013738462,0.174996522,very_weak,sideways
2025/8/7,8,002241.SZ,歌尔股份,3458498100,114387.5,-0.276770916,0.096092907,-0.023369231,0.118433901,very_weak,sideways
2025/8/7,9,601288.SH,农业银行,4575465300,91258.5,-0.463837576,0.10450082,-0.012384615,0.374527235,very_weak,sideways
2025/8/7,10,300059.SZ,东方财富,7789936000,54133.5,-0.910345881,0.163627818,-0.031176923,0.291993497,very_weak,sideways
2025/8/8,1,002594.SZ,比亚迪,6576614900,69346.5,707.689928,0.142733854,11.41550769,0.619937323,moderate,upward
2025/8/8,2,000981.SZ,山子高科,5838780500,218956.5,0.326902699,0.296579523,0.004507692,0.725210766,very_weak,sideways
2025/8/8,3,601012.SH,隆基绿能,6805387300,66505,7.37E-05,0.146705367,0.001176923,0.000626411,very_weak,sideways
2025/8/8,4,601212.SH,白银有色,4249199000,396949,-0.003254788,0.456764341,-0.001807692,0.018005209,very_weak,sideways
2025/8/8,5,002759.SZ,天际股份,3842732500,135741.5,-0.012088223,0.133765217,-0.0037,0.032670872,very_weak,sideways
2025/8/8,6,000021.SZ,深科技,5681892700,115891.5,-0.283715232,0.169245414,-0.014584615,0.194530486,very_weak,sideways
2025/8/8,7,601899.SH,紫金矿业,9293026100,186481.5,-0.468166441,0.368920707,-0.026884615,0.174139163,very_weak,sideways
2025/8/8,8,601288.SH,农业银行,4575465300,91258.5,-0.530687088,0.10450082,-0.013807692,0.384341624,very_weak,sideways
2025/8/8,9,300059.SZ,东方财富,7789936000,54133.5,-0.549937693,0.163627818,-0.025546154,0.215272207,very_weak,sideways
2025/8/8,10,002241.SZ,歌尔股份,3458498100,114387.5,-0.78610098,0.096092907,-0.032423077,0.242451073,very_weak,sideways
2025/8/11,1,002594.SZ,比亚迪,6576614900,69346.5,797.9422967,0.142733854,12.11685385,0.658539178,moderate,upward
2025/8/11,2,000981.SZ,山子高科,5838780500,218956.5,0.312520776,0.296579523,0.004369231,0.715276423,very_weak,sideways
2025/8/11,3,601012.SH,隆基绿能,6805387300,66505,0.053861245,0.146705367,0.0103,0.052292471,very_weak,sideways
2025/8/11,4,601212.SH,白银有色,4249199000,396949,-0.005727999,0.456764341,-0.002192308,0.026127714,very_weak,sideways
2025/8/11,5,002759.SZ,天际股份,3842732500,135741.5,-0.007525939,0.133765217,-0.003161538,0.023804672,very_weak,sideways
2025/8/11,6,000021.SZ,深科技,5681892700,115891.5,-0.078883806,0.169245414,-0.009061538,0.087053436,very_weak,sideways
2025/8/11,7,300059.SZ,东方财富,7789936000,54133.5,-0.136642191,0.163627818,-0.015469231,0.088331601,very_weak,sideways
2025/8/11,8,002475.SZ,立讯精密,10165620000,84651,-0.324611972,0.276096386,-0.044823077,0.072420725,very_weak,sideways
2025/8/11,9,601288.SH,农业银行,4575465300,91258.5,-0.6297533,0.10450082,-0.015446154,0.40770881,very_weak,sideways
2025/8/11,10,002241.SZ,歌尔股份,3458498100,114387.5,-0.748358215,0.096092907,-0.031923077,0.234425465,very_weak,sideways
2025/8/12,1,002594.SZ,比亚迪,6576614900,69346.5,871.2243031,0.142733854,12.65295385,0.688554083,moderate,upward
2025/8/12,2,601012.SH,隆基绿能,6805387300,66505,0.404487488,0.146705367,0.018861538,0.214450952,very_weak,sideways
2025/8/12,3,000981.SZ,山子高科,5838780500,218956.5,0.309306605,0.296579523,0.004346154,0.711678913,very_weak,sideways
2025/8/12,4,601212.SH,白银有色,4249199000,396949,-0.002939951,0.456764341,-0.001746154,0.016836725,very_weak,sideways
2025/8/12,5,000021.SZ,深科技,5681892700,115891.5,-0.031784582,0.169245414,-0.006123077,0.051909494,very_weak,sideways
2025/8/12,6,300059.SZ,东方财富,7789936000,54133.5,-0.045901742,0.163627818,-0.010123077,0.045343667,very_weak,sideways
2025/8/12,7,002759.SZ,天际股份,3842732500,135741.5,-0.097843369,0.133765217,-0.008253846,0.118542759,very_weak,sideways
2025/8/12,8,002475.SZ,立讯精密,10165620000,84651,-0.140041001,0.276096386,-0.032507692,0.043079343,very_weak,sideways
2025/8/12,9,000969.SZ,安泰科技,5138780300,144956,-0.633931278,0.186300572,-0.028861538,0.219645699,very_weak,sideways
2025/8/12,10,601288.SH,农业银行,4575465300,91258.5,-0.76081775,0.10450082,-0.017338462,0.438803494,very_weak,sideways
2025/8/13,1,002594.SZ,比亚迪,6576614900,69346.5,925.3698468,0.142733854,13.03317692,0.710010961,strong,upward
2025/8/13,2,601012.SH,隆基绿能,6805387300,66505,0.433459398,0.146705367,0.019407692,0.223344121,very_weak,sideways
2025/8/13,3,000981.SZ,山子高科,5838780500,218956.5,0.288428568,0.296579523,0.004153846,0.69436507,very_weak,sideways
2025/8/13,4,601212.SH,白银有色,4249199000,396949,-0.000262326,0.456764341,-0.000776923,0.003376473,very_weak,sideways
2025/8/13,5,300059.SZ,东方财富,7789936000,54133.5,-0.04116225,0.163627818,-0.009723077,0.042334592,very_weak,sideways
2025/8/13,6,002475.SZ,立讯精密,10165620000,84651,-0.070391083,0.276096386,-0.025261538,0.027864923,very_weak,sideways
2025/8/13,7,000969.SZ,安泰科技,5138780300,144956,-0.277342204,0.186300572,-0.021030769,0.131874493,very_weak,sideways
2025/8/13,8,002050.SZ,三花智控,10307481500,317796,-0.297738069,0.557302744,-0.030815385,0.096619942,very_weak,sideways
2025/8/13,9,000021.SZ,深科技,5681892700,115891.5,-0.310921396,0.169245414,-0.015115385,0.205698634,very_weak,sideways
2025/8/13,10,002759.SZ,天际股份,3842732500,135741.5,-0.359805733,0.133765217,-0.013830769,0.26014875,very_weak,sideways
2025/8/14,1,002594.SZ,比亚迪,6576614900,69346.5,956.1459968,0.142733854,13.24333077,0.721983022,strong,upward
2025/8/14,2,601012.SH,隆基绿能,6805387300,66505,0.500660361,0.146705367,0.020561538,0.243493629,very_weak,sideways
2025/8/14,3,000981.SZ,山子高科,5838780500,218956.5,0.278592704,0.296579523,0.004084615,0.682053701,very_weak,sideways
2025/8/14,4,601212.SH,白银有色,4249199000,396949,-3.76E-06,0.456764341,-0.000184615,0.000203605,very_weak,sideways
2025/8/14,5,002475.SZ,立讯精密,10165620000,84651,-0.023196841,0.276096386,-0.016915385,0.013713458,very_weak,sideways
2025/8/14,6,300059.SZ,东方财富,7789936000,54133.5,-0.067167361,0.163627818,-0.011923077,0.056333916,very_weak,sideways
2025/8/14,7,000969.SZ,安泰科技,5138780300,144956,-0.125702493,0.186300572,-0.015138462,0.083035183,very_weak,sideways
2025/8/14,8,002050.SZ,三花智控,10307481500,317796,-0.135392378,0.557302744,-0.022476923,0.060236171,very_weak,sideways
2025/8/14,9,688981.SH,中芯国际,10097285500,59884,-0.258810126,0.24451411,-0.055492308,0.046638919,very_weak,sideways
2025/8/14,10,000021.SZ,深科技,5681892700,115891.5,-0.534189296,0.169245414,-0.019715385,0.270950482,very_weak,sideways
2025/8/15,1,002594.SZ,比亚迪,6576614900,69346.5,969.846891,0.142733854,13.33499231,0.727294676,strong,upward
2025/8/15,2,601012.SH,隆基绿能,6805387300,66505,0.630052174,0.146705367,0.022892308,0.275224404,very_weak,sideways
2025/8/15,3,000981.SZ,山子高科,5838780500,218956.5,0.282598311,0.296579523,0.004130769,0.684129989,very_weak,sideways
2025/8/15,4,601212.SH,白银有色,4249199000,396949,0.000275702,0.456764341,0.000753846,0.003657273,very_weak,sideways
2025/8/15,5,002050.SZ,三花智控,10307481500,317796,-0.007307415,0.557302744,-0.007730769,0.009452377,very_weak,sideways
2025/8/15,6,000969.SZ,安泰科技,5138780300,144956,-0.007800928,0.186300572,-0.005430769,0.014364315,very_weak,sideways
2025/8/15,7,002475.SZ,立讯精密,10165620000,84651,-0.008777561,0.276096386,-0.012023077,0.007300595,very_weak,sideways
2025/8/15,8,688981.SH,中芯国际,10097285500,59884,-0.018412522,0.24451411,-0.021738462,0.008470021,very_weak,sideways
2025/8/15,9,300059.SZ,东方财富,7789936000,54133.5,-0.083981779,0.163627818,-0.013023077,0.064486895,very_weak,sideways
2025/8/15,10,000158.SZ,常山北明,6650930300,158521,-0.505814576,0.250934862,-0.036076923,0.140204467,very_weak,sideways
2025/8/18,1,002594.SZ,比亚迪,6576614900,69346.5,955.3464473,0.142733854,13.23734615,0.721705421,strong,upward
2025/8/18,2,601012.SH,隆基绿能,6805387300,66505,0.496187867,0.146705367,0.021092308,0.235245889,very_weak,sideways
2025/8/18,3,000981.SZ,山子高科,5838780500,218956.5,0.277862854,0.296579523,0.004092308,0.678988177,very_weak,sideways
2025/8/18,4,601212.SH,白银有色,4249199000,396949,5.36E-05,0.456764341,0.000438462,0.001221377,very_weak,sideways
2025/8/18,5,000969.SZ,安泰科技,5138780300,144956,-0.000741812,0.186300572,-0.002407692,0.00308101,very_weak,sideways
2025/8/18,6,002475.SZ,立讯精密,10165620000,84651,-0.001202605,0.276096386,-0.006053846,0.001986515,very_weak,sideways
2025/8/18,7,002050.SZ,三花智控,10307481500,317796,-0.006708116,0.557302744,-0.007492308,0.008953338,very_weak,sideways
2025/8/18,8,688981.SH,中芯国际,10097285500,59884,-0.055411682,0.24451411,-0.031938462,0.017349515,very_weak,sideways
2025/8/18,9,000158.SZ,常山北明,6650930300,158521,-0.296266813,0.250934862,-0.028915385,0.102459925,very_weak,sideways
2025/8/18,10,000021.SZ,深科技,5681892700,115891.5,-0.7446943,0.169245414,-0.023007692,0.323671879,very_weak,sideways
2025/8/19,1,002594.SZ,比亚迪,6576614900,69346.5,920.7443346,0.142733854,13.0051,0.707987124,strong,upward
2025/8/19,2,601012.SH,隆基绿能,6805387300,66505,0.342796991,0.146705367,0.018738462,0.182937639,very_weak,sideways
2025/8/19,3,000981.SZ,山子高科,5838780500,218956.5,0.197002692,0.296579523,0.003630769,0.54259216,very_weak,sideways
2025/8/19,4,000969.SZ,安泰科技,5138780300,144956,7.20E-06,0.186300572,0.000492308,0.000146314,very_weak,sideways
2025/8/19,5,002475.SZ,立讯精密,10165620000,84651,-0.00017703,0.276096386,-0.003138462,0.000564067,very_weak,sideways
2025/8/19,6,601212.SH,白银有色,4249199000,396949,-0.006576993,0.456764341,-0.002023077,0.032509851,very_weak,sideways
2025/8/19,7,002050.SZ,三花智控,10307481500,317796,-0.014208432,0.557302744,-0.009915385,0.014329683,very_weak,sideways
2025/8/19,8,688981.SH,中芯国际,10097285500,59884,-0.08494426,0.24451411,-0.037246154,0.022806183,very_weak,sideways
2025/8/19,9,000158.SZ,常山北明,6650930300,158521,-0.343139,0.250934862,-0.031061538,0.110470703,very_weak,sideways
2025/8/19,10,600089.SH,特变电工,5332485200,69414,-0.399529151,0.102879135,-0.031284615,0.127707867,very_weak,sideways
2025/8/20,1,002594.SZ,比亚迪,6576614900,69346.5,858.6751421,0.142733854,12.57245385,0.682981344,moderate,upward
2025/8/20,2,601012.SH,隆基绿能,6805387300,66505,0.482836914,0.146705367,0.021038462,0.229502007,very_weak,sideways
2025/8/20,3,000981.SZ,山子高科,5838780500,218956.5,0.084588559,0.296579523,0.002569231,0.329236908,very_weak,sideways
2025/8/20,4,000969.SZ,安泰科技,5138780300,144956,0.001576923,0.186300572,0.002861538,0.005510753,very_weak,sideways
2025/8/20,5,002475.SZ,立讯精密,10165620000,84651,-0.001620733,0.276096386,-0.006646154,0.002438603,very_weak,sideways
2025/8/20,6,601212.SH,白银有色,4249199000,396949,-0.003514929,0.456764341,-0.001630769,0.021553808,very_weak,sideways
2025/8/20,7,688981.SH,中芯国际,10097285500,59884,-0.006082965,0.24451411,-0.015246154,0.003989836,very_weak,sideways
2025/8/20,8,600089.SH,特变电工,5332485200,69414,-0.091061954,0.102879135,-0.017961538,0.050698304,very_weak,sideways
2025/8/20,9,002050.SZ,三花智控,10307481500,317796,-0.251543439,0.557302744,-0.032507692,0.077379667,very_weak,sideways
2025/8/20,10,000158.SZ,常山北明,6650930300,158521,-0.654705108,0.250934862,-0.044469231,0.147226542,very_weak,sideways
2025/8/21,1,002594.SZ,比亚迪,6576614900,69346.5,774.7561729,0.142733854,11.96167692,0.647698628,moderate,upward
2025/8/21,2,601012.SH,隆基绿能,6805387300,66505,0.58189277,0.146705367,0.022276923,0.261208771,very_weak,sideways
2025/8/21,3,000981.SZ,山子高科,5838780500,218956.5,0.013461949,0.296579523,0.001392308,0.096688034,very_weak,sideways
2025/8/21,4,000969.SZ,安泰科技,5138780300,144956,0.00598591,0.186300572,0.004338462,0.01379731,very_weak,sideways
2025/8/21,5,600089.SH,特变电工,5332485200,69414,-0.001353515,0.102879135,-0.004046154,0.00334519,very_weak,sideways
2025/8/21,6,601212.SH,白银有色,4249199000,396949,-0.001570014,0.456764341,-0.001223077,0.012836592,very_weak,sideways
2025/8/21,7,688981.SH,中芯国际,10097285500,59884,-0.002660836,0.24451411,-0.011469231,0.002319978,very_weak,sideways
2025/8/21,8,002475.SZ,立讯精密,10165620000,84651,-0.036691187,0.276096386,-0.019838462,0.018494976,very_weak,sideways
2025/8/21,9,600010.SH,包钢股份,6212598200,63568.5,-0.629353412,0.124193182,-0.016630769,0.378427121,very_weak,sideways
2025/8/21,10,600745.SH,闻泰科技,6417753200,164521,-0.882885497,0.250569881,-0.047615385,0.185420217,very_weak,sideways
2025/8/22,1,002594.SZ,比亚迪,6576614900,69346.5,671.4189028,0.142733854,11.15276923,0.602019901,moderate,upward
2025/8/22,2,601012.SH,隆基绿能,6805387300,66505,0.469773363,0.146705367,0.020738462,0.226522764,very_weak,sideways
2025/8/22,3,600089.SH,特变电工,5332485200,69414,0.000614857,0.102879135,0.002861538,0.002148694,very_weak,sideways
2025/8/22,4,000981.SZ,山子高科,5838780500,218956.5,0.000346667,0.296579523,0.0004,0.008666667,very_weak,sideways
2025/8/22,5,000969.SZ,安泰科技,5138780300,144956,6.65E-05,0.186300572,0.000976923,0.000680801,very_weak,sideways
2025/8/22,6,601212.SH,白银有色,4249199000,396949,-0.000177365,0.456764341,-0.000576923,0.003074322,very_weak,sideways
2025/8/22,7,688981.SH,中芯国际,10097285500,59884,-0.001325754,0.24451411,-0.009069231,0.001461815,very_weak,sideways
2025/8/22,8,600010.SH,包钢股份,6212598200,63568.5,-0.429312458,0.124193182,-0.013361538,0.32130466,very_weak,sideways
2025/8/22,9,600745.SH,闻泰科技,6417753200,164521,-1.012995239,0.250569881,-0.051753846,0.195733325,very_weak,sideways
2025/8/22,10,002475.SZ,立讯精密,10165620000,84651,-1.213446216,0.276096386,-0.073976923,0.164030371,very_weak,sideways
2025/8/25,1,002594.SZ,比亚迪,6576614900,69346.5,550.7875574,0.142733854,10.13016154,0.543710537,moderate,upward
2025/8/25,2,601012.SH,隆基绿能,6805387300,66505,0.272982952,0.146705367,0.017638462,0.154765738,very_weak,sideways
2025/8/25,3,600089.SH,特变电工,5332485200,69414,0.049882379,0.102879135,0.010876923,0.045860744,very_weak,sideways
2025/8/25,4,601212.SH,白银有色,4249199000,396949,-0.000106211,0.456764341,-0.000484615,0.002191665,very_weak,sideways
2025/8/25,5,000981.SZ,山子高科,5838780500,218956.5,-0.00017536,0.296579523,-0.000315385,0.005560186,very_weak,sideways
2025/8/25,6,000969.SZ,安泰科技,5138780300,144956,-0.00065856,0.186300572,-0.002130769,0.003090717,very_weak,sideways
2025/8/25,7,600010.SH,包钢股份,6212598200,63568.5,-0.310907491,0.124193182,-0.011246154,0.276456729,very_weak,sideways
2025/8/25,8,688981.SH,中芯国际,10097285500,59884,-0.916476904,0.24451411,-0.121392308,0.075497115,very_weak,downward
2025/8/25,9,002460.SZ,赣锋锂业,6265262200,113556.5,-1.117192748,0.185200014,-0.074046154,0.15087789,very_weak,sideways
2025/8/25,10,002759.SZ,天际股份,3842732500,135741.5,-1.773791592,0.133765217,-0.031469231,0.563659025,very_weak,sideways
2025/8/26,1,002594.SZ,比亚迪,6576614900,69346.5,420.6534657,0.142733854,8.880646154,0.473674391,weak,upward
2025/8/26,2,601012.SH,隆基绿能,6805387300,66505,0.046131521,0.146705367,0.010176923,0.045329537,very_weak,sideways
2025/8/26,3,600089.SH,特变电工,5332485200,69414,0.039127754,0.102879135,0.010130769,0.038622688,very_weak,sideways
2025/8/26,4,000981.SZ,山子高科,5838780500,218956.5,-0.012946835,0.296579523,-0.001323077,0.097853986,very_weak,sideways
2025/8/26,5,601212.SH,白银有色,4249199000,396949,-0.021523663,0.456764341,-0.003307692,0.06507154,very_weak,sideways
2025/8/26,6,000969.SZ,安泰科技,5138780300,144956,-0.0363664,0.186300572,-0.008653846,0.042023396,very_weak,sideways
2025/8/26,7,600010.SH,包钢股份,6212598200,63568.5,-0.332647364,0.124193182,-0.011776923,0.282456939,very_weak,sideways
2025/8/26,8,002460.SZ,赣锋锂业,6265262200,113556.5,-1.03933462,0.185200014,-0.071938462,0.144475514,very_weak,sideways
2025/8/26,9,002759.SZ,天际股份,3842732500,135741.5,-2.091388144,0.133765217,-0.034830769,0.600442709,very_weak,sideways
2025/8/26,10,601899.SH,紫金矿业,9293026100,186481.5,-2.963025933,0.368920707,-0.0621,0.477137831,very_weak,sideways
2025/8/27,1,002594.SZ,比亚迪,6576614900,69346.5,287.6623999,0.142733854,7.364515385,0.390606014,weak,upward
2025/8/27,2,601012.SH,隆基绿能,6805387300,66505,-7.75E-07,0.146705367,-0.000269231,2.88E-05,very_weak,sideways
2025/8/27,3,600089.SH,特变电工,5332485200,69414,-0.001875846,0.102879135,-0.003730769,0.005028041,very_weak,sideways
2025/8/27,4,000981.SZ,山子高科,5838780500,218956.5,-0.043994406,0.296579523,-0.0022,0.199974574,very_weak,sideways
2025/8/27,5,000969.SZ,安泰科技,5138780300,144956,-0.080940452,0.186300572,-0.0114,0.071000397,very_weak,sideways
2025/8/27,6,601212.SH,白银有色,4249199000,396949,-0.134977921,0.456764341,-0.006630769,0.203562991,very_weak,sideways
2025/8/27,7,600010.SH,包钢股份,6212598200,63568.5,-0.225492305,0.124193182,-0.009569231,0.235643084,very_weak,sideways
2025/8/27,8,002460.SZ,赣锋锂业,6265262200,113556.5,-1.044594816,0.185200014,-0.072076923,0.144927776,very_weak,sideways
2025/8/27,9,002759.SZ,天际股份,3842732500,135741.5,-2.446621536,0.133765217,-0.038130769,0.641639701,very_weak,sideways
2025/8/27,10,603799.SH,华友钴业,6580808200,90137.5,-3.788457781,0.167539316,-0.132776923,0.285325017,very_weak,downward
2025/8/28,1,002594.SZ,比亚迪,6576614900,69346.5,172.880004,0.142733854,5.737584615,0.301311467,weak,upward
2025/8/28,2,601012.SH,隆基绿能,6805387300,66505,-0.006865599,0.146705367,-0.005630769,0.012193004,very_weak,sideways
2025/8/28,3,600089.SH,特变电工,5332485200,69414,-0.05640786,0.102879135,-0.011461538,0.049214911,very_weak,sideways
2025/8/28,4,000981.SZ,山子高科,5838780500,218956.5,-0.065215162,0.296579523,-0.002546154,0.256132058,very_weak,sideways
2025/8/28,5,600010.SH,包钢股份,6212598200,63568.5,-0.161126859,0.124193182,-0.0081,0.198922048,very_weak,sideways
2025/8/28,6,000969.SZ,安泰科技,5138780300,144956,-0.168364285,0.186300572,-0.014669231,0.114773766,very_weak,sideways
2025/8/28,7,601212.SH,白银有色,4249199000,396949,-0.247503142,0.456764341,-0.008146154,0.303828219,very_weak,sideways
2025/8/28,8,002460.SZ,赣锋锂业,6265262200,113556.5,-0.606676548,0.185200014,-0.059115385,0.102625831,very_weak,sideways
2025/8/28,9,603799.SH,华友钴业,6580808200,90137.5,-2.113128785,0.167539316,-0.098530769,0.214463847,very_weak,sideways
2025/8/28,10,002759.SZ,天际股份,3842732500,135741.5,-2.142898394,0.133765217,-0.035569231,0.602458458,very_weak,sideways
2025/8/29,1,002594.SZ,比亚迪,6576614900,69346.5,79.22497343,0.142733854,3.901792308,0.203047644,very_weak,upward
2025/8/29,2,000981.SZ,山子高科,5838780500,218956.5,-0.177401747,0.296579523,-0.005,0.354803493,very_weak,sideways
2025/8/29,3,600010.SH,包钢股份,6212598200,63568.5,-0.188548808,0.124193182,-0.008638462,0.218266652,very_weak,sideways
2025/8/29,4,601012.SH,隆基绿能,6805387300,66505,-0.27041286,0.146705367,-0.019184615,0.140952974,very_weak,sideways
2025/8/29,5,600089.SH,特变电工,5332485200,69414,-0.412420255,0.102879135,-0.021823077,0.18898355,very_weak,sideways
2025/8/29,6,601212.SH,白银有色,4249199000,396949,-0.499690639,0.456764341,-0.010323077,0.484052035,very_weak,sideways
2025/8/29,7,000969.SZ,安泰科技,5138780300,144956,-0.75427304,0.186300572,-0.023615385,0.319399007,very_weak,sideways
2025/8/29,8,002460.SZ,赣锋锂业,6265262200,113556.5,-1.325250317,0.185200014,-0.075684615,0.175101678,very_weak,sideways
2025/8/29,9,002759.SZ,天际股份,3842732500,135741.5,-2.350309227,0.133765217,-0.0373,0.630109712,very_weak,sideways
2025/8/29,10,603799.SH,华友钴业,6580808200,90137.5,-2.403891704,0.167539316,-0.1038,0.231588796,very_weak,downward
2025/9/1,1,002594.SZ,比亚迪,6576614900,69346.5,17.34638264,0.142733854,1.890607692,0.091750302,very_weak,upward
2025/9/1,2,600010.SH,包钢股份,6212598200,63568.5,-0.17499104,0.124193182,-0.008369231,0.209088558,very_weak,sideways
2025/9/1,3,000981.SZ,山子高科,5838780500,218956.5,-0.270075159,0.296579523,-0.005976923,0.451863201,very_weak,sideways
2025/9/1,4,601212.SH,白银有色,4249199000,396949,-0.746002131,0.456764341,-0.012153846,0.613799221,very_weak,sideways
2025/9/1,5,600089.SH,特变电工,5332485200,69414,-0.872550263,0.102879135,-0.028261538,0.308741247,very_weak,sideways
2025/9/1,6,601012.SH,隆基绿能,6805387300,66505,-0.977745997,0.146705367,-0.031715385,0.308287605,very_weak,sideways
2025/9/1,7,000969.SZ,安泰科技,5138780300,144956,-1.810500209,0.186300572,-0.033615385,0.53859274,very_weak,sideways
2025/9/1,8,002759.SZ,天际股份,3842732500,135741.5,-3.078235957,0.133765217,-0.044992308,0.684169387,very_weak,sideways
2025/9/1,9,002460.SZ,赣锋锂业,6265262200,113556.5,-3.653548676,0.185200014,-0.107453846,0.340010973,weak,downward
2025/9/1,10,601288.SH,农业银行,4575465300,91258.5,-4.039362808,0.10450082,-0.045923077,0.879593241,very_weak,sideways
2025/9/2,1,600010.SH,包钢股份,6212598200,63568.5,-0.155236591,0.124193182,-0.007984615,0.194419623,very_weak,sideways
2025/9/2,2,000981.SZ,山子高科,5838780500,218956.5,-0.42400736,0.296579523,-0.0087,0.487364782,very_weak,sideways
2025/9/2,3,601212.SH,白银有色,4249199000,396949,-1.024313198,0.456764341,-0.016407692,0.6242884,very_weak,sideways
2025/9/2,4,600089.SH,特变电工,5332485200,69414,-1.664145092,0.102879135,-0.037869231,0.43944518,very_weak,sideways
2025/9/2,5,601012.SH,隆基绿能,6805387300,66505,-1.922007743,0.146705367,-0.041815385,0.459641292,very_weak,sideways
2025/9/2,6,000969.SZ,安泰科技,5138780300,144956,-3.049880335,0.186300572,-0.042184615,0.722984033,very_weak,sideways
2025/9/2,7,601288.SH,农业银行,4575465300,91258.5,-3.545202804,0.10450082,-0.042461538,0.83492095,very_weak,sideways
2025/9/2,8,002759.SZ,天际股份,3842732500,135741.5,-4.266872002,0.133765217,-0.059353846,0.718887196,very_weak,sideways
2025/9/2,9,002460.SZ,赣锋锂业,6265262200,113556.5,-6.193134776,0.185200014,-0.134269231,0.461247506,weak,downward
2025/9/2,10,603799.SH,华友钴业,6580808200,90137.5,-8.684995408,0.167539316,-0.1861,0.466684331,weak,downward
2025/9/3,1,600010.SH,包钢股份,6212598200,63568.5,-0.144715784,0.124193182,-0.0078,0.185533057,very_weak,sideways
2025/9/3,2,000981.SZ,山子高科,5838780500,218956.5,-0.662111406,0.296579523,-0.013569231,0.487950583,very_weak,sideways
2025/9/3,3,601212.SH,白银有色,4249199000,396949,-1.374641851,0.456764341,-0.023930769,0.574424431,very_weak,sideways
2025/9/3,4,600089.SH,特变电工,5332485200,69414,-2.658905636,0.102879135,-0.045092308,0.589658363,very_weak,sideways
2025/9/3,5,601012.SH,隆基绿能,6805387300,66505,-3.144543621,0.146705367,-0.049761538,0.631922509,very_weak,sideways
2025/9/3,6,601288.SH,农业银行,4575465300,91258.5,-3.187654441,0.10450082,-0.039130769,0.814615839,very_weak,sideways
2025/9/3,7,000969.SZ,安泰科技,5138780300,144956,-3.399604376,0.186300572,-0.043792308,0.776301719,very_weak,sideways
2025/9/3,8,002759.SZ,天际股份,3842732500,135741.5,-5.572824262,0.133765217,-0.071176923,0.782953803,very_weak,sideways
2025/9/3,9,002460.SZ,赣锋锂业,6265262200,113556.5,-8.239777472,0.185200014,-0.150538462,0.547353639,weak,downward
2025/9/3,10,000158.SZ,常山北明,6650930300,158521,-10.94447797,0.250934862,-0.160861538,0.680366362,weak,downward
2025/9/4,1,600010.SH,包钢股份,6212598200,63568.5,-0.305371139,0.124193182,-0.009484615,0.321964704,very_weak,sideways
2025/9/4,2,000981.SZ,山子高科,5838780500,218956.5,-0.933872505,0.296579523,-0.016776923,0.556641108,very_weak,sideways
2025/9/4,3,601212.SH,白银有色,4249199000,396949,-1.871577651,0.456764341,-0.030153846,0.620676262,very_weak,sideways
2025/9/4,4,000969.SZ,安泰科技,5138780300,144956,-2.168117462,0.186300572,-0.037792308,0.573692795,very_weak,sideways
2025/9/4,5,601288.SH,农业银行,4575465300,91258.5,-2.777069851,0.10450082,-0.035523077,0.781765008,very_weak,sideways
2025/9/4,6,600089.SH,特变电工,5332485200,69414,-3.575506209,0.102879135,-0.0511,0.699707673,very_weak,sideways
2025/9/4,7,601012.SH,隆基绿能,6805387300,66505,-4.693820876,0.146705367,-0.059830769,0.784516217,very_weak,sideways
2025/9/4,8,002759.SZ,天际股份,3842732500,135741.5,-6.544527516,0.133765217,-0.081430769,0.803692213,very_weak,sideways
2025/9/4,9,000158.SZ,常山北明,6650930300,158521,-6.712074569,0.250934862,-0.134684615,0.498354957,weak,downward
2025/9/4,10,002460.SZ,赣锋锂业,6265262200,113556.5,-9.307659177,0.185200014,-0.159038462,0.585245801,weak,downward
2025/9/5,1,600010.SH,包钢股份,6212598200,63568.5,-0.16846452,0.124193182,-0.008038462,0.209573087,very_weak,sideways
2025/9/5,2,000969.SZ,安泰科技,5138780300,144956,-0.630897794,0.186300572,-0.025961538,0.243012484,very_weak,sideways
2025/9/5,3,000981.SZ,山子高科,5838780500,218956.5,-1.049535194,0.296579523,-0.017738462,0.591672052,very_weak,sideways
2025/9/5,4,601212.SH,白银有色,4249199000,396949,-1.921230219,0.456764341,-0.030569231,0.628484974,very_weak,sideways
2025/9/5,5,601288.SH,农业银行,4575465300,91258.5,-2.763850854,0.10450082,-0.035323077,0.782449066,very_weak,sideways
2025/9/5,6,000158.SZ,常山北明,6650930300,158521,-3.416542149,0.250934862,-0.1073,0.318410265,weak,downward
2025/9/5,7,600089.SH,特变电工,5332485200,69414,-3.552259923,0.102879135,-0.050953846,0.697152461,very_weak,sideways
2025/9/5,8,601012.SH,隆基绿能,6805387300,66505,-5.25254825,0.146705367,-0.065115385,0.806652419,very_weak,sideways
2025/9/5,9,002759.SZ,天际股份,3842732500,135741.5,-7.429721958,0.133765217,-0.099330769,0.747977894,very_weak,sideways
2025/9/5,10,000021.SZ,深科技,5681892700,115891.5,-8.499587018,0.169245414,-0.135292308,0.628238749,weak,downward
2025/9/8,1,600010.SH,包钢股份,6212598200,63568.5,-0.053826133,0.124193182,-0.005553846,0.09691686,very_weak,sideways
2025/9/8,2,000969.SZ,安泰科技,5138780300,144956,-0.238021103,0.186300572,-0.0185,0.128660056,very_weak,sideways
2025/9/8,3,000981.SZ,山子高科,5838780500,218956.5,-1.16909613,0.296579523,-0.018715385,0.624671175,very_weak,sideways
2025/9/8,4,000158.SZ,常山北明,6650930300,158521,-1.604760591,0.250934862,-0.081669231,0.196495127,very_weak,sideways
2025/9/8,5,601212.SH,白银有色,4249199000,396949,-2.139459183,0.456764341,-0.032869231,0.65090029,very_weak,sideways
2025/9/8,6,601288.SH,农业银行,4575465300,91258.5,-2.491438962,0.10450082,-0.032453846,0.76768681,very_weak,sideways
2025/9/8,7,600089.SH,特变电工,5332485200,69414,-4.134709225,0.102879135,-0.057507692,0.71898368,very_weak,sideways
2025/9/8,8,601012.SH,隆基绿能,6805387300,66505,-6.248073152,0.146705367,-0.0772,0.809335901,very_weak,sideways
2025/9/8,9,000021.SZ,深科技,5681892700,115891.5,-6.627727891,0.169245414,-0.121169231,0.546981098,weak,downward
2025/9/8,10,002594.SZ,比亚迪,6576614900,69346.5,-7.067294366,0.142733854,-0.220915385,0.319909561,weak,downward
2025/9/9,1,600010.SH,包钢股份,6212598200,63568.5,-0.006126448,0.124193182,-0.002723077,0.022498255,very_weak,sideways
2025/9/9,2,000969.SZ,安泰科技,5138780300,144956,-0.189316859,0.186300572,-0.016976923,0.111514235,very_weak,sideways
2025/9/9,3,000158.SZ,常山北明,6650930300,158521,-0.622645427,0.250934862,-0.058530769,0.106379163,very_weak,sideways
2025/9/9,4,000981.SZ,山子高科,5838780500,218956.5,-1.272178948,0.296579523,-0.019507692,0.652142205,very_weak,sideways
2025/9/9,5,601288.SH,农业银行,4575465300,91258.5,-2.161547035,0.10450082,-0.029069231,0.743585908,very_weak,sideways
2025/9/9,6,601212.SH,白银有色,4249199000,396949,-2.389722199,0.456764341,-0.035230769,0.678305428,very_weak,sideways
2025/9/9,7,002594.SZ,比亚迪,6576614900,69346.5,-3.852429145,0.142733854,-0.178615385,0.215682941,very_weak,downward
2025/9/9,8,600089.SH,特变电工,5332485200,69414,-4.580627799,0.102879135,-0.062261538,0.735707455,very_weak,sideways
2025/9/9,9,000021.SZ,深科技,5681892700,115891.5,-5.087218037,0.169245414,-0.108007692,0.47100516,weak,downward
2025/9/9,10,601012.SH,隆基绿能,6805387300,66505,-7.044655649,0.146705367,-0.085192308,0.826912176,very_weak,sideways
2025/9/10,1,600010.SH,包钢股份,6212598200,63568.5,-4.58E-05,0.124193182,-0.000546154,0.000838558,very_weak,sideways
2025/9/10,2,000969.SZ,安泰科技,5138780300,144956,-0.086224058,0.186300572,-0.012876923,0.066960141,very_weak,sideways
2025/9/10,3,000158.SZ,常山北明,6650930300,158521,-0.118878358,0.250934862,-0.033661538,0.035315783,very_weak,sideways
2025/9/10,4,002594.SZ,比亚迪,6576614900,69346.5,-1.44419542,0.142733854,-0.128046154,0.112787099,very_weak,downward
2025/9/10,5,000981.SZ,山子高科,5838780500,218956.5,-1.454512468,0.296579523,-0.0208,0.69928484,very_weak,sideways
2025/9/10,6,601288.SH,农业银行,4575465300,91258.5,-1.948591986,0.10450082,-0.026976923,0.722318102,very_weak,sideways
2025/9/10,7,601212.SH,白银有色,4249199000,396949,-2.891647853,0.456764341,-0.040207692,0.719177771,very_weak,sideways
2025/9/10,8,000021.SZ,深科技,5681892700,115891.5,-3.175699605,0.169245414,-0.089707692,0.354005272,very_weak,sideways
2025/9/10,9,600089.SH,特变电工,5332485200,69414,-4.637753278,0.102879135,-0.062723077,0.73940143,very_weak,sideways
2025/9/10,10,300059.SZ,东方财富,7789936000,54133.5,-6.729649972,0.163627818,-0.156407692,0.430263363,weak,downward
2025/9/11,1,600010.SH,包钢股份,6212598200,63568.5,0.002848531,0.124193182,0.002207692,0.012902752,very_weak,sideways
2025/9/11,2,000158.SZ,常山北明,6650930300,158521,-0.0065183,0.250934862,-0.012761538,0.00510777,very_weak,sideways
2025/9/11,3,000969.SZ,安泰科技,5138780300,144956,-0.009819448,0.186300572,-0.006276923,0.015643728,very_weak,sideways
2025/9/11,4,002594.SZ,比亚迪,6576614900,69346.5,-0.234559667,0.142733854,-0.069215385,0.033888372,very_weak,sideways
2025/9/11,5,000021.SZ,深科技,5681892700,115891.5,-1.584393088,0.169245414,-0.069315385,0.228577407,very_weak,sideways
2025/9/11,6,000981.SZ,山子高科,5838780500,218956.5,-1.679169064,0.296579523,-0.022553846,0.744515615,very_weak,sideways
2025/9/11,7,601288.SH,农业银行,4575465300,91258.5,-1.723432545,0.10450082,-0.024907692,0.691927829,very_weak,sideways
2025/9/11,8,601212.SH,白银有色,4249199000,396949,-3.288408218,0.456764341,-0.043369231,0.758235311,very_weak,sideways
2025/9/11,9,300059.SZ,东方财富,7789936000,54133.5,-4.061810459,0.163627818,-0.127407692,0.318804178,weak,downward
2025/9/11,10,600089.SH,特变电工,5332485200,69414,-4.307263071,0.102879135,-0.060392308,0.713213857,very_weak,sideways
2025/9/12,1,600010.SH,包钢股份,6212598200,63568.5,0.011141808,0.124193182,0.003523077,0.031625218,very_weak,sideways
2025/9/12,2,000158.SZ,常山北明,6650930300,158521,1.36E-05,0.250934862,0.001623077,8.40E-05,very_weak,sideways
2025/9/12,3,000969.SZ,安泰科技,5138780300,144956,-0.001282465,0.186300572,-0.003153846,0.004066351,very_weak,sideways
2025/9/12,4,002594.SZ,比亚迪,6576614900,69346.5,-0.024620554,0.142733854,-0.032361538,0.007607968,very_weak,sideways
2025/9/12,5,000021.SZ,深科技,5681892700,115891.5,-1.009581315,0.169245414,-0.057838462,0.174551896,very_weak,sideways
2025/9/12,6,601288.SH,农业银行,4575465300,91258.5,-1.517398198,0.10450082,-0.023130769,0.656008533,very_weak,sideways
2025/9/12,7,000981.SZ,山子高科,5838780500,218956.5,-1.843685763,0.296579523,-0.023761538,0.775911781,very_weak,sideways
2025/9/12,8,300059.SZ,东方财富,7789936000,54133.5,-2.646305402,0.163627818,-0.105507692,0.250816348,very_weak,downward
2025/9/12,9,601212.SH,白银有色,4249199000,396949,-3.060524595,0.456764341,-0.042046154,0.727896446,very_weak,sideways
2025/9/12,10,600089.SH,特变电工,5332485200,69414,-4.377903071,0.102879135,-0.061007692,0.717598536,very_weak,sideways
2025/9/15,1,000158.SZ,常山北明,6650930300,158521,0.050429417,0.250934862,0.024515385,0.020570518,very_weak,sideways
2025/9/15,2,600010.SH,包钢股份,6212598200,63568.5,0.027095829,0.124193182,0.004761538,0.056905617,very_weak,sideways
2025/9/15,3,002594.SZ,比亚迪,6576614900,69346.5,0.013274236,0.142733854,0.025738462,0.005157354,very_weak,sideways
2025/9/15,4,000969.SZ,安泰科技,5138780300,144956,0.000833985,0.186300572,0.002684615,0.003106534,very_weak,sideways
2025/9/15,5,000021.SZ,深科技,5681892700,115891.5,-0.788388454,0.169245414,-0.051715385,0.152447567,very_weak,sideways
2025/9/15,6,300059.SZ,东方财富,7789936000,54133.5,-1.174398078,0.163627818,-0.074384615,0.157881851,very_weak,sideways
2025/9/15,7,601288.SH,农业银行,4575465300,91258.5,-1.228533225,0.10450082,-0.020546154,0.597938297,very_weak,sideways
2025/9/15,8,000981.SZ,山子高科,5838780500,218956.5,-2.118917701,0.296579523,-0.026723077,0.792916814,very_weak,sideways
2025/9/15,9,601212.SH,白银有色,4249199000,396949,-3.042566727,0.456764341,-0.041930769,0.725616721,very_weak,sideways
2025/9/15,10,600089.SH,特变电工,5332485200,69414,-4.407845576,0.102879135,-0.061238462,0.719783852,very_weak,sideways
2025/9/16,1,000158.SZ,常山北明,6650930300,158521,0.297515745,0.250934862,0.043592308,0.068249597,very_weak,sideways
2025/9/16,2,002594.SZ,比亚迪,6576614900,69346.5,0.06740203,0.142733854,0.043707692,0.015421091,very_weak,sideways
2025/9/16,3,600010.SH,包钢股份,6212598200,63568.5,0.057317333,0.124193182,0.006146154,0.093257238,very_weak,sideways
2025/9/16,4,000969.SZ,安泰科技,5138780300,144956,0.038771789,0.186300572,0.009738462,0.039813053,very_weak,sideways
2025/9/16,5,300059.SZ,东方财富,7789936000,54133.5,-0.413578193,0.163627818,-0.048776923,0.084789726,very_weak,sideways
2025/9/16,6,000021.SZ,深科技,5681892700,115891.5,-0.675730067,0.169245414,-0.048384615,0.139658042,very_weak,sideways
2025/9/16,7,601288.SH,农业银行,4575465300,91258.5,-0.848738279,0.10450082,-0.017115385,0.495892028,very_weak,sideways
2025/9/16,8,000981.SZ,山子高科,5838780500,218956.5,-2.46143871,0.296579523,-0.031807692,0.773850138,very_weak,sideways
2025/9/16,9,601212.SH,白银有色,4249199000,396949,-2.788658808,0.456764341,-0.040292308,0.692106997,very_weak,sideways
2025/9/16,10,600089.SH,特变电工,5332485200,69414,-4.843584839,0.102879135,-0.064069231,0.755992351,very_weak,sideways
2025/9/17,1,000158.SZ,常山北明,6650930300,158521,0.815428367,0.250934862,0.059761538,0.136447017,very_weak,sideways
2025/9/17,2,002594.SZ,比亚迪,6576614900,69346.5,0.2992804,0.142733854,0.070930769,0.042193311,very_weak,sideways
2025/9/17,3,000969.SZ,安泰科技,5138780300,144956,0.262172809,0.186300572,0.018469231,0.141951125,very_weak,sideways
2025/9/17,4,600010.SH,包钢股份,6212598200,63568.5,0.134433363,0.124193182,0.008176923,0.164405807,very_weak,sideways
2025/9/17,5,300059.SZ,东方财富,7789936000,54133.5,-0.091760687,0.163627818,-0.027061538,0.033908156,very_weak,sideways
2025/9/17,6,601288.SH,农业银行,4575465300,91258.5,-0.446316924,0.10450082,-0.013353846,0.334223503,very_weak,sideways
2025/9/17,7,000021.SZ,深科技,5681892700,115891.5,-0.65796863,0.169245414,-0.047853846,0.137495454,very_weak,sideways
2025/9/17,8,601212.SH,白银有色,4249199000,396949,-2.360914077,0.456764341,-0.037330769,0.632431136,very_weak,sideways
2025/9/17,9,000981.SZ,山子高科,5838780500,218956.5,-2.861414507,0.296579523,-0.038884615,0.735873167,very_weak,sideways
2025/9/17,10,600089.SH,特变电工,5332485200,69414,-4.558842375,0.102879135,-0.062192308,0.733023511,very_weak,sideways
2025/9/18,1,000158.SZ,常山北明,6650930300,158521,1.528033949,0.250934862,0.0733,0.208463022,very_weak,sideways
2025/9/18,2,000969.SZ,安泰科技,5138780300,144956,0.468440084,0.186300572,0.022884615,0.204696507,very_weak,sideways
2025/9/18,3,600010.SH,包钢股份,6212598200,63568.5,0.271823504,0.124193182,0.010384615,0.261755967,very_weak,sideways
2025/9/18,4,002594.SZ,比亚迪,6576614900,69346.5,0.164433033,0.142733854,0.058746154,0.027990434,very_weak,sideways
2025/9/18,5,300059.SZ,东方财富,7789936000,54133.5,-0.012544325,0.163627818,-0.013,0.009649481,very_weak,sideways
2025/9/18,6,601288.SH,农业银行,4575465300,91258.5,-0.118226383,0.10450082,-0.008207692,0.144043391,very_weak,sideways
2025/9/18,7,000021.SZ,深科技,5681892700,115891.5,-0.49772181,0.169245414,-0.042761538,0.116394739,very_weak,sideways
2025/9/18,8,601212.SH,白银有色,4249199000,396949,-1.996601211,0.456764341,-0.034838462,0.573102578,very_weak,sideways
2025/9/18,9,000063.SZ,中兴通讯,16078399000,179199,-3.259504431,0.578080134,-0.192515385,0.169311374,very_weak,downward
2025/9/18,10,000981.SZ,山子高科,5838780500,218956.5,-3.408350671,0.296579523,-0.048184615,0.70735247,very_weak,sideways
2025/9/19,1,000158.SZ,常山北明,6650930300,158521,3.335906825,0.250934862,0.093607692,0.356371014,very_weak,sideways
2025/9/19,2,000969.SZ,安泰科技,5138780300,144956,1.268630064,0.186300572,0.0334,0.37982936,very_weak,sideways
2025/9/19,3,600010.SH,包钢股份,6212598200,63568.5,0.545109514,0.124193182,0.013315385,0.409383228,very_weak,sideways
2025/9/19,4,002594.SZ,比亚迪,6576614900,69346.5,0.238902701,0.142733854,0.066176923,0.036100606,very_weak,sideways
2025/9/19,5,300059.SZ,东方财富,7789936000,54133.5,0.055809471,0.163627818,0.018423077,0.030293241,very_weak,sideways
2025/9/19,6,601288.SH,农业银行,4575465300,91258.5,-0.002522496,0.10450082,-0.002384615,0.010578211,very_weak,sideways
2025/9/19,7,000021.SZ,深科技,5681892700,115891.5,-0.313763714,0.169245414,-0.035307692,0.08886554,very_weak,sideways
2025/9/19,8,000063.SZ,中兴通讯,16078399000,179199,-1.270656044,0.578080134,-0.129623077,0.098026993,very_weak,downward
2025/9/19,9,601212.SH,白银有色,4249199000,396949,-1.358647843,0.456764341,-0.030038462,0.452302739,very_weak,sideways
2025/9/19,10,601012.SH,隆基绿能,6805387300,66505,-2.533141437,0.146705367,-0.051738462,0.489605095,very_weak,sideways
2025/9/22,1,000158.SZ,常山北明,6650930300,158521,6.297531718,0.250934862,0.116576923,0.540203974,weak,upward
2025/9/22,2,000969.SZ,安泰科技,5138780300,144956,2.152505747,0.186300572,0.042892308,0.501839575,very_weak,sideways
2025/9/22,3,600010.SH,包钢股份,6212598200,63568.5,0.941232936,0.124193182,0.016353846,0.575542247,very_weak,sideways
2025/9/22,4,002594.SZ,比亚迪,6576614900,69346.5,0.523996375,0.142733854,0.0849,0.061719243,very_weak,sideways
2025/9/22,5,300059.SZ,东方财富,7789936000,54133.5,0.254331402,0.163627818,0.030730769,0.082761157,very_weak,sideways
2025/9/22,6,601288.SH,农业银行,4575465300,91258.5,0.020532959,0.10450082,0.005130769,0.040019261,very_weak,sideways
2025/9/22,7,000063.SZ,中兴通讯,16078399000,179199,-0.167986877,0.578080134,-0.059130769,0.028409385,very_weak,sideways
2025/9/22,8,000021.SZ,深科技,5681892700,115891.5,-0.213994706,0.169245414,-0.030161538,0.070949533,very_weak,sideways
2025/9/22,9,600111.SH,北方稀土,9380893000,116513.5,-0.645318904,0.288716198,-0.118923077,0.054263556,very_weak,downward
2025/9/22,10,601212.SH,白银有色,4249199000,396949,-0.828052645,0.456764341,-0.025015385,0.331017355,very_weak,sideways
2025/9/23,1,000158.SZ,常山北明,6650930300,158521,7.230764213,0.250934862,0.123092308,0.587426164,weak,upward
2025/9/23,2,000969.SZ,安泰科技,5138780300,144956,2.657881334,0.186300572,0.047176923,0.563385901,very_weak,sideways
2025/9/23,3,600010.SH,包钢股份,6212598200,63568.5,1.101232864,0.124193182,0.017592308,0.625974081,very_weak,sideways
2025/9/23,4,002594.SZ,比亚迪,6576614900,69346.5,0.689490439,0.142733854,0.0931,0.074059123,very_weak,sideways
2025/9/23,5,601288.SH,农业银行,4575465300,91258.5,0.24277491,0.10450082,0.013169231,0.184350107,very_weak,sideways
2025/9/23,6,300059.SZ,东方财富,7789936000,54133.5,0.212893621,0.163627818,0.028838462,0.073822808,very_weak,sideways
2025/9/23,7,600111.SH,北方稀土,9380893000,116513.5,-0.005951544,0.288716198,-0.023615385,0.002520198,very_weak,sideways
2025/9/23,8,000063.SZ,中兴通讯,16078399000,179199,-0.014062318,0.578080134,-0.024492308,0.005741524,very_weak,sideways
2025/9/23,9,000021.SZ,深科技,5681892700,115891.5,-0.379259921,0.169245414,-0.038607692,0.098234289,very_weak,sideways
2025/9/23,10,601212.SH,白银有色,4249199000,396949,-0.511614869,0.456764341,-0.0208,0.245968687,very_weak,sideways
2025/9/24,1,000158.SZ,常山北明,6650930300,158521,7.35130933,0.250934862,0.124284615,0.591489889,weak,upward
2025/9/24,2,000969.SZ,安泰科技,5138780300,144956,3.357387773,0.186300572,0.053384615,0.628905491,very_weak,sideways
2025/9/24,3,002594.SZ,比亚迪,6576614900,69346.5,1.80404842,0.142733854,0.130469231,0.13827386,very_weak,upward
2025/9/24,4,600010.SH,包钢股份,6212598200,63568.5,1.355015033,0.124193182,0.019538462,0.693511631,very_weak,sideways
2025/9/24,5,300059.SZ,东方财富,7789936000,54133.5,0.646638657,0.163627818,0.042815385,0.15102951,very_weak,sideways
2025/9/24,6,601288.SH,农业银行,4575465300,91258.5,0.575763913,0.10450082,0.018492308,0.311353197,very_weak,sideways
2025/9/24,7,600111.SH,北方稀土,9380893000,116513.5,0.235766269,0.288716198,0.0789,0.029881656,very_weak,sideways
2025/9/24,8,000063.SZ,中兴通讯,16078399000,179199,0.052629404,0.578080134,0.034438462,0.015282159,very_weak,sideways
2025/9/24,9,601012.SH,隆基绿能,6805387300,66505,-0.109623666,0.146705367,-0.016792308,0.065282073,very_weak,sideways
2025/9/24,10,601212.SH,白银有色,4249199000,396949,-0.3074847,0.456764341,-0.017,0.180873353,very_weak,sideways
2025/9/25,1,000158.SZ,常山北明,6650930300,158521,6.882300788,0.250934862,0.119953846,0.573745737,weak,upward
2025/9/25,2,000969.SZ,安泰科技,5138780300,144956,3.421551646,0.186300572,0.053869231,0.635158809,very_weak,sideways
2025/9/25,3,002594.SZ,比亚迪,6576614900,69346.5,3.121704741,0.142733854,0.159061538,0.196257673,very_weak,upward
2025/9/25,4,600111.SH,北方稀土,9380893000,116513.5,2.371219163,0.288716198,0.168123077,0.141040671,very_weak,upward
2025/9/25,5,600010.SH,包钢股份,6212598200,63568.5,1.621191934,0.124193182,0.021315385,0.760573625,very_weak,sideways
2025/9/25,6,300059.SZ,东方财富,7789936000,54133.5,1.077130228,0.163627818,0.051346154,0.209778172,very_weak,sideways
2025/9/25,7,601288.SH,农业银行,4575465300,91258.5,1.012591258,0.10450082,0.023669231,0.427809111,very_weak,sideways
2025/9/25,8,000063.SZ,中兴通讯,16078399000,179199,0.570274628,0.578080134,0.072015385,0.079187889,very_weak,sideways
2025/9/25,9,601012.SH,隆基绿能,6805387300,66505,-0.050068514,0.146705367,-0.012507692,0.040030177,very_weak,sideways
2025/9/25,10,601212.SH,白银有色,4249199000,396949,-0.135067416,0.456764341,-0.012569231,0.107458776,very_weak,sideways
2025/9/26,1,600111.SH,北方稀土,9380893000,116513.5,9.685346392,0.288716198,0.259669231,0.372987834,weak,upward
2025/9/26,2,000158.SZ,常山北明,6650930300,158521,7.077386724,0.250934862,0.121515385,0.582427217,weak,upward
2025/9/26,3,002594.SZ,比亚迪,6576614900,69346.5,4.599819832,0.142733854,0.180676923,0.254588121,very_weak,upward
2025/9/26,4,000969.SZ,安泰科技,5138780300,144956,3.089293588,0.186300572,0.051807692,0.596300173,very_weak,sideways
2025/9/26,5,300059.SZ,东方财富,7789936000,54133.5,1.855504763,0.163627818,0.062007692,0.299237835,very_weak,sideways
2025/9/26,6,600010.SH,包钢股份,6212598200,63568.5,1.791491157,0.124193182,0.022438462,0.798401955,very_weak,sideways
2025/9/26,7,601288.SH,农业银行,4575465300,91258.5,1.292065303,0.10450082,0.026584615,0.486019934,very_weak,sideways
2025/9/26,8,000063.SZ,中兴通讯,16078399000,179199,0.509922352,0.578080134,0.0696,0.073264706,very_weak,sideways
2025/9/26,9,601012.SH,隆基绿能,6805387300,66505,-0.032639282,0.146705367,-0.010623077,0.030724886,very_weak,sideways
2025/9/26,10,601212.SH,白银有色,4249199000,396949,-0.032904051,0.456764341,-0.007561538,0.043515022,very_weak,sideways
2025/9/29,1,600111.SH,北方稀土,9380893000,116513.5,18.63926689,0.288716198,0.327992308,0.56828366,moderate,upward
2025/9/29,2,000158.SZ,常山北明,6650930300,158521,7.464470317,0.250934862,0.125292308,0.595764453,weak,upward
2025/9/29,3,002594.SZ,比亚迪,6576614900,69346.5,3.855420133,0.142733854,0.168938462,0.228214469,very_weak,upward
2025/9/29,4,000969.SZ,安泰科技,5138780300,144956,3.022674912,0.186300572,0.051323077,0.588950448,very_weak,sideways
2025/9/29,5,300059.SZ,东方财富,7789936000,54133.5,2.119865531,0.163627818,0.0657,0.322658376,very_weak,sideways
2025/9/29,6,600010.SH,包钢股份,6212598200,63568.5,1.892779638,0.124193182,0.023153846,0.817479578,very_weak,sideways
2025/9/29,7,601288.SH,农业银行,4575465300,91258.5,1.457496081,0.10450082,0.028230769,0.516279266,very_weak,sideways
2025/9/29,8,688256.SH,寒武纪,10607162100,475501,1.002193516,0.754056816,1.166907692,0.008588456,very_weak,upward
2025/9/29,9,000063.SZ,中兴通讯,16078399000,179199,0.120863594,0.578080134,0.042053846,0.0287402,very_weak,sideways
2025/9/29,10,601212.SH,白银有色,4249199000,396949,-0.004541685,0.456764341,-0.003753846,0.012098752,very_weak,sideways
2025/9/30,1,600111.SH,北方稀土,9380893000,116513.5,20.83026775,0.288716198,0.345315385,0.603224434,moderate,upward
2025/9/30,2,000158.SZ,常山北明,6650930300,158521,7.353465701,0.250934862,0.124215385,0.591993152,weak,upward
2025/9/30,3,688256.SH,寒武纪,10607162100,475501,2.785447583,0.754056816,1.648784615,0.016893945,very_weak,upward
2025/9/30,4,000969.SZ,安泰科技,5138780300,144956,2.440416133,0.186300572,0.046207692,0.528140665,very_weak,sideways
2025/9/30,5,002594.SZ,比亚迪,6576614900,69346.5,2.017400869,0.142733854,0.132923077,0.151772056,very_weak,upward
2025/9/30,6,600010.SH,包钢股份,6212598200,63568.5,1.646973684,0.124193182,0.020276923,0.812240436,very_weak,sideways
2025/9/30,7,601288.SH,农业银行,4575465300,91258.5,1.624298438,0.10450082,0.029753846,0.545912091,very_weak,sideways
2025/9/30,8,300059.SZ,东方财富,7789936000,54133.5,1.005399532,0.163627818,0.050184615,0.200340189,very_weak,sideways
2025/9/30,9,000063.SZ,中兴通讯,16078399000,179199,0.004679646,0.578080134,0.0141,0.003318898,very_weak,sideways
2025/9/30,10,601212.SH,白银有色,4249199000,396949,-0.001722024,0.456764341,-0.002692308,0.006396089,very_weak,sideways
2025/10/9,1,600111.SH,北方稀土,9380893000,116513.5,11.20885277,0.288716198,0.247719298,0.452482017,weak,upward
2025/10/9,2,601288.SH,农业银行,4575465300,91258.5,4.74459337,0.10450082,0.055140351,0.860457595,very_weak,sideways
2025/10/9,3,000158.SZ,常山北明,6650930300,158521,1.579204607,0.250934862,0.056210526,0.28094464,very_weak,sideways
2025/10/9,4,600010.SH,包钢股份,6212598200,63568.5,0.562996857,0.124193182,0.010157895,0.554245611,very_weak,sideways
2025/10/9,5,000969.SZ,安泰科技,5138780300,144956,0.256167322,0.186300572,0.020666667,0.12395193,very_weak,sideways
2025/10/9,6,601212.SH,白银有色,4249199000,396949,0.100326553,0.456764341,0.010807018,0.092834635,very_weak,sideways
2025/10/9,7,601012.SH,隆基绿能,6805387300,66505,0.021344417,0.146705367,0.011508772,0.018546216,very_weak,sideways
2025/10/9,8,300059.SZ,东方财富,7789936000,54133.5,-0.041045611,0.163627818,-0.016754386,0.024498427,very_weak,sideways
2025/10/9,9,002759.SZ,天际股份,3842732500,135741.5,-0.900457063,0.133765217,-0.098245614,0.091653665,very_weak,sideways
2025/10/9,10,300476.SZ,胜宏科技,8983982100,54515,-2.802759905,0.202407712,-0.882315789,0.03176595,very_weak,downward
2025/10/10,1,601288.SH,农业银行,4575465300,91258.5,3.919260738,0.10450082,0.049017544,0.799562856,very_weak,sideways
2025/10/10,2,000158.SZ,常山北明,6650930300,158521,3.185089529,0.250934862,0.07145614,0.445740494,very_weak,sideways
2025/10/10,3,600111.SH,北方稀土,9380893000,116513.5,3.113398113,0.288716198,0.172368421,0.180624623,very_weak,upward
2025/10/10,4,300476.SZ,胜宏科技,8983982100,54515,0.476851747,0.202407712,0.449491228,0.0106087,very_weak,upward
2025/10/10,5,600010.SH,包钢股份,6212598200,63568.5,0.148672839,0.124193182,0.007017544,0.211858796,very_weak,sideways
2025/10/10,6,601212.SH,白银有色,4249199000,396949,0.000174337,0.456764341,0.001526316,0.001142208,very_weak,sideways
2025/10/10,7,000969.SZ,安泰科技,5138780300,144956,0.000140201,0.186300572,0.002157895,0.000649714,very_weak,sideways
2025/10/10,8,300059.SZ,东方财富,7789936000,54133.5,-0.001993421,0.163627818,-0.006,0.003322369,very_weak,sideways
2025/10/10,9,601012.SH,隆基绿能,6805387300,66505,-0.027559323,0.146705367,-0.014561404,0.018926282,very_weak,sideways
2025/10/10,10,002759.SZ,天际股份,3842732500,135741.5,-1.199204935,0.133765217,-0.112578947,0.106521242,very_weak,downward
2025/10/13,1,300476.SZ,胜宏科技,8983982100,54515,9.902121556,0.202407712,1.289789474,0.076773161,very_weak,upward
2025/10/13,2,000158.SZ,常山北明,6650930300,158521,4.581721596,0.250934862,0.084631579,0.541372577,very_weak,sideways
2025/10/13,3,601288.SH,农业银行,4575465300,91258.5,2.976663388,0.10450082,0.043263158,0.68803655,very_weak,sideways
2025/10/13,4,600111.SH,北方稀土,9380893000,116513.5,0.461918883,0.288716198,0.094017544,0.049131137,very_weak,sideways
2025/10/13,5,688256.SH,寒武纪,10607162100,475501,0.036975788,0.754056816,0.409315789,0.000903356,very_weak,upward
2025/10/13,6,600010.SH,包钢股份,6212598200,63568.5,0.02649958,0.124193182,0.004052632,0.065388574,very_weak,sideways
2025/10/13,7,300059.SZ,东方财富,7789936000,54133.5,0.007248404,0.163627818,0.00945614,0.007665288,very_weak,sideways
2025/10/13,8,601212.SH,白银有色,4249199000,396949,-0.150321924,0.456764341,-0.018350877,0.081915389,very_weak,sideways
2025/10/13,9,000969.SZ,安泰科技,5138780300,144956,-0.414702676,0.186300572,-0.04477193,0.092625598,very_weak,sideways
2025/10/13,10,601012.SH,隆基绿能,6805387300,66505,-0.645469687,0.146705367,-0.042736842,0.151033548,very_weak,sideways
2025/10/14,1,300476.SZ,胜宏科技,8983982100,54515,73.53511078,0.202407712,2.593877193,0.283494959,very_weak,upward
2025/10/14,2,688256.SH,寒武纪,10607162100,475501,51.45841282,0.754056816,4.39322807,0.117131212,very_weak,upward
2025/10/14,3,000158.SZ,常山北明,6650930300,158521,5.417669104,0.250934862,0.091438596,0.592492592,very_weak,sideways
2025/10/14,4,601288.SH,农业银行,4575465300,91258.5,1.918177917,0.10450082,0.036122807,0.531015742,very_weak,sideways
2025/10/14,5,300059.SZ,东方财富,7789936000,54133.5,0.300447755,0.163627818,0.034596491,0.086843418,very_weak,sideways
2025/10/14,6,300308.SZ,中际旭创,17358865000,80292.5,0.000342741,0.50181759,0.035649123,9.61E-05,very_weak,sideways
2025/10/14,7,600010.SH,包钢股份,6212598200,63568.5,-0.002920402,0.124193182,-0.002403509,0.012150579,very_weak,sideways
2025/10/14,8,600111.SH,北方稀土,9380893000,116513.5,-0.042343111,0.288716198,-0.050263158,0.008424284,very_weak,sideways
2025/10/14,9,002594.SZ,比亚迪,6576614900,69346.5,-0.518363314,0.142733854,-0.080596491,0.064315866,very_weak,sideways
2025/10/14,10,601212.SH,白银有色,4249199000,396949,-1.097309771,0.456764341,-0.044894737,0.244418355,very_weak,sideways
2025/10/15,1,688256.SH,寒武纪,10607162100,475501,435.4223098,0.754056816,9.239280702,0.471272953,weak,upward
2025/10/15,2,300476.SZ,胜宏科技,8983982100,54515,300.5668776,0.202407712,4.229596491,0.710627783,strong,upward
2025/10/15,3,300308.SZ,中际旭创,17358865000,80292.5,43.70292458,0.50181759,1.904789474,0.229437033,very_weak,upward
2025/10/15,4,000158.SZ,常山北明,6650930300,158521,8.605101396,0.250934862,0.113719298,0.756696667,weak,upward
2025/10/15,5,300059.SZ,东方财富,7789936000,54133.5,1.920325142,0.163627818,0.069631579,0.275783656,very_weak,sideways
2025/10/15,6,601288.SH,农业银行,4575465300,91258.5,0.621850102,0.10450082,0.024017544,0.258914944,very_weak,sideways
2025/10/15,7,002594.SZ,比亚迪,6576614900,69346.5,-0.004420898,0.142733854,-0.016280702,0.002715422,very_weak,sideways
2025/10/15,8,600010.SH,包钢股份,6212598200,63568.5,-0.112544838,0.124193182,-0.009824561,0.114554567,very_weak,sideways
2025/10/15,9,600745.SH,闻泰科技,6417753200,164521,-0.231476779,0.250569881,-0.103235294,0.022422252,very_weak,downward
2025/10/15,10,600580.SH,卧龙电驱,4808848000,75127.5,-0.318129662,0.092850828,-0.117403509,0.027097117,very_weak,downward
2025/10/16,1,688256.SH,寒武纪,10607162100,475501,1021.739836,0.754056816,12.51450877,0.816444221,strong,upward
2025/10/16,2,300476.SZ,胜宏科技,8983982100,54515,474.1538982,0.202407712,5.054789474,0.938028974,strong,upward
2025/10/16,3,300308.SZ,中际旭创,17358865000,80292.5,160.2541379,0.50181759,3.173105263,0.505038833,moderate,upward
2025/10/16,4,000158.SZ,常山北明,6650930300,158521,10.87670262,0.250934862,0.127666667,0.851961041,weak,upward
2025/10/16,5,300059.SZ,东方财富,7789936000,54133.5,4.673511433,0.163627818,0.096859649,0.482503444,very_weak,sideways
2025/10/16,6,600745.SH,闻泰科技,6417753200,164521,0.297268691,0.250569881,0.119240196,0.024930242,very_weak,upward
2025/10/16,7,002594.SZ,比亚迪,6576614900,69346.5,0.055732466,0.142733854,0.036473684,0.015280186,very_weak,sideways
2025/10/16,8,600580.SH,卧龙电驱,4808848000,75127.5,0.04483925,0.092850828,0.054473684,0.00823136,very_weak,sideways
2025/10/16,9,601288.SH,农业银行,4575465300,91258.5,0.042000532,0.10450082,0.009736842,0.043135682,very_weak,sideways
2025/10/16,10,600010.SH,包钢股份,6212598200,63568.5,-0.278339349,0.124193182,-0.014035088,0.198316786,very_weak,sideways
2025/10/17,1,688256.SH,寒武纪,10607162100,475501,1155.930595,0.754056816,13.23008772,0.873713478,strong,upward
2025/10/17,2,300476.SZ,胜宏科技,8983982100,54515,466.7840603,0.202407712,5.005877193,0.932472057,strong,upward
2025/10/17,3,300308.SZ,中际旭创,17358865000,80292.5,164.4883759,0.50181759,3.219964912,0.510839032,moderate,upward
2025/10/17,4,300059.SZ,东方财富,7789936000,54133.5,5.600367502,0.163627818,0.105894737,0.528861742,weak,upward
2025/10/17,5,600745.SH,闻泰科技,6417753200,164521,5.428679183,0.250569881,0.339191176,0.160047771,very_weak,upward
2025/10/17,6,000158.SZ,常山北明,6650930300,158521,4.233156233,0.250934862,0.095017544,0.445513119,very_weak,sideways
2025/10/17,7,600580.SH,卧龙电驱,4808848000,75127.5,3.472939406,0.092850828,0.217894737,0.159386108,very_weak,upward
2025/10/17,8,002594.SZ,比亚迪,6576614900,69346.5,0.406692898,0.142733854,0.070385965,0.057780397,very_weak,sideways
2025/10/17,9,601288.SH,农业银行,4575465300,91258.5,-0.018892132,0.10450082,-0.007877193,0.023983331,very_weak,sideways
2025/10/17,10,601138.SH,工业富联,8413468100,81600,-0.183611164,0.216234418,-0.089438596,0.020529298,very_weak,sideways